x,y,z
202.23760358681008,346.00774152889954,0
143.87375939468794,345.8227219848352,0
165.75609157780653,349.24468233937574,0
208.4396695618491,374.7505549602049,0
228.82231397978123,253.57481618257415,0
204.34372829852887,284.84763438253265,0
228.06419291085282,252.61769382958352,0
210.1988095339113,251.1874248145796,0
209.4010129683993,210.5037805407161,0
213.67837184946572,181.96968859912192,0
237.53765945672615,193.57318911684916,0
219.0084552637327,167.90765514147904,0
267.50592010825295,162.85923263098005,0
255.04489318499867,148.58709703088266,0
276.7902679707165,150.2047211060805,0
209.48613335014596,175.8225562071239,0
246.94899429860834,168.5929979995638,0
208.7568042782597,155.79746902121673,0
256.5188779601262,118.84652929783533,0
245.35771870730514,170.40775439700604,0
174.42586046728766,113.05491266131526,0
199.44833921337238,149.371939377236,0
217.41164357581835,135.50833347954733,0
164.19996284392047,125.0301988243096,0
210.32005790357078,124.53958944358311,0
199.43890061645027,104.75628256606927,0
186.25036453212036,176.0169541773774,0
166.81224267810254,212.80846507870757,0
151.4719756533688,193.31582690904884,0
219.05391262323997,167.88927328099214,0
114.10691810018244,185.87182577237195,0
166.85542625895897,213.49427871783826,0
138.67024877679896,178.9285284988175,0
131.16629148195344,192.30328570140784,0
125.7972887064085,221.0959841177404,0
127.2771823346809,224.05357085368962,0
136.60187028403135,302.67080941815055,0
115.70035019704851,264.4178873376628,0
144.3080074551762,307.9545552997615,0
162.01679189726036,300.0199434409865,0
118.10653946317603,303.6611915910755,0
187.94337056586528,271.84585017803437,0
153.27436380392038,293.08839581516844,0
161.9062624770455,275.22625980552414,0
118.80948169353834,218.6090702255138,0
253.1162857068793,383.7881079511608,0
208.72225589788772,375.5923716127833,0
255.71399055141904,347.2070423858932,0
245.83543830634574,323.84596930972833,0
256.3087570522433,273.1356599251336,0
271.7735687138268,230.29965644252002,0
360.6832922875833,217.36192372579598,0
407.5867131034771,164.25060008412026,0
381.47901905203116,112.54088374342831,0
417.455760359287,107.84314890587126,0
425.6646897073775,112.0237067784787,0
435.7978255313455,101.58076659766789,0
405.33954596486535,81.29636475028576,0
431.8327906465491,101.0955650858271,0
413.5692997432919,124.43276277920592,0
430.75475358863076,83.93970657590467,0
390.98588981526296,101.84653657944637,0
375.16843205632307,109.2888232452679,0
367.1974181753595,56.28784416488787,0
386.95623609295575,172.4094576029844,0
353.9394202958082,131.89848383810232,0
333.6444931734836,147.18900032504524,0
288.0858854108323,158.6459035208024,0
285.78106457979635,188.1958169146531,0
204.90570202789326,234.1754263631302,0
230.60918905603893,197.256864317865,0
266.4496226515556,240.70122476823536,0
207.31215814732258,212.68566507981677,0
206.57322666700824,266.9083168908696,0
196.18326201338988,310.64457490950747,0
217.1270725576225,304.20745754603905,0
205.93327025605282,255.0089392939889,0
172.00671890716234,351.1789785114963,0
178.16767708142942,390.3147650295846,0
221.3165316070356,350.1074374277324,0
194.2753225533038,339.4429500729154,0
205.03388720881713,357.77282622801204,0
182.8945529082661,353.61268744238,0
208.76079906023548,323.83457352832465,0
161.98212864917085,356.9638544434123,0
164.78395960607693,334.94155112754805,0
217.3959182242328,352.52492549723866,0
189.2971932165525,329.54125861724856,0
229.5337819676139,339.6366091642603,0
222.26896785113178,370.02833133532215,0
163.22246493499443,305.86093705119515,0
269.7757892825867,296.2783207317767,0
276.51014168597425,263.17646160643733,0
301.7271854904611,225.96984432783222,0
344.4012163189531,195.80980454115996,0
388.33223210009123,213.85633242712123,0
397.4207059558493,144.65007570650988,0
431.3880371321259,198.74931628906597,0
468.4981813366337,147.3193194851126,0
415.2512987033966,143.7540509290282,0
376.41537734972746,155.24727656185007,0
451.23878190403815,152.9356706069059,0
381.4987416799916,172.44919236377484,0
425.86667379482947,124.5615694409563,0
395.07737346311694,100.2303056735322,0
361.1047632203692,85.12578807748974,0
424.1584213711304,98.29411400771357,0
356.6249899351741,113.3945636096538,0
393.36850984270234,101.33793670233524,0
368.2683649876521,162.29039201974825,0
331.0869298938429,114.67818566919448,0
326.5092706682318,151.10774693720174,0
304.50868865383165,182.85217711903192,0
232.4501488214197,196.68717262443943,0
163.46196453403184,256.81781440378256,0
155.18010863731126,254.22770614036764,0
138.7308215741917,283.5467778494146,0
177.57626882694893,301.7213853125885,0
174.75102154672425,334.1970217480149,0
127.33883968427725,362.4399466116512,0
69.60233674304845,352.89629563543883,0
76.73687333032416,394.2454747197763,0
73.18568044574297,361.2970953240839,0
115.07901843233688,386.20372008208096,0
95.73067619382624,421.3460447993617,0
41.13627246421883,421.69803042441185,0
90.8272666510919,389.8318018140055,0
110.95245114018499,380.61078509702816,0
102.43290096981738,387.3396626741994,0
125.67325194769211,416.60463662014683,0
95.70474385354733,389.943467325731,0
59.757538449330006,433.7562587206179,0
160.6758551745645,419.8865359811836,0
145.6568068939726,402.864982706198,0
121.22262299301615,336.65132075547433,0
138.1175169667485,341.76388116156807,0
291.55699086689145,279.0901626033674,0
278.8075838082172,198.13660789172474,0
305.21595379467055,220.24576449946073,0
332.7386272684981,193.11851846355228,0
338.3659429638281,186.11362618105494,0
314.50722989948497,147.03844191217138,0
327.70263256472856,165.52502912247633,0
96.8032325563749,353.4588766595234,0
87.14283898884368,403.07252511964793,0
101.3882184312532,360.9406645498475,0
76.7602665015029,369.43387234849894,0
109.35781217195446,346.5966687852296,0
123.21458411632864,383.36579952478695,0
156.99165994865098,318.04303444348943,0
183.54598301954255,288.4874313513535,0
212.94940619324956,225.42382048145333,0
260.47884416434806,198.1134898676113,0
271.160417586035,183.16104920275956,0
295.34193103619367,161.52618334615408,0
281.89440724155907,158.77131097632486,0
323.20790204321736,135.97162555532464,0
376.18412768837965,141.56577528860282,0
327.1516782825763,130.00783967246764,0
391.315128247088,98.22386321370158,0
386.170410735326,92.85943627730154,0
373.70685775484577,119.78785504365317,0
402.4840413658765,85.86799693180012,0
360.3795228342019,84.68814856318306,0
344.13733777047617,66.4752273789532,0
375.43470965926065,65.69638386240587,0
344.43731307307894,85.47969983406176,0
431.41197924395306,71.63306525655258,0
436.33985644376577,50.66499225444187,0
395.8194224455867,65.35828825246233,0
302.5789771351241,140.82316311008248,0
289.39579452989864,118.80418144010594,0
279.1074384362013,171.1355575010632,0
229.43305178397682,184.18646661155867,0
308.7429429957114,169.1435152471771,0
234.46972243060992,173.84857516794392,0
204.25566276988846,243.68588071524846,0
240.0992797045982,257.88245941315284,0
278.6851701947517,244.29505926067495,0
195.82931221295811,248.4350531794975,0
190.94721053160438,234.4751676258948,0
172.8151482229318,270.85494858404473,0
158.11434213528935,271.15259302359414,0
153.29779225765196,283.52539940002475,0
100.52914683689093,332.83320145909204,0
94.84077926652822,297.9147072156455,0
138.01059793783006,269.27660101119386,0
148.15667993743907,338.3418694496961,0
115.58897753045255,301.34516199025086,0
102.52039077643369,261.5473899288413,0
166.7259341014497,252.70292738619125,0
169.6566786347019,186.50479316303256,0
157.8257144416422,230.85142618732937,0
215.07658490652204,182.1084415527866,0
204.61701291295603,169.46628901710199,0
273.8976862119755,147.65239622278648,0
228.8816161826602,125.50584276637238,0
196.27411761254012,160.68891004259933,0
192.29368567495175,118.10687476976932,0
218.11278689246376,164.98126990130925,0
252.12373513012457,118.29611772643375,0
168.59587852453762,106.90515547697112,0
180.7069898232839,104.47285062620512,0
213.32687273581587,129.6269270474939,0
192.07010402177707,150.54114484760316,0
170.91228344997057,87.83459706294184,0
221.38442801437438,97.29878783272102,0
206.01166837891267,102.06277732161072,0
231.35398144902564,137.38801485656927,0
179.55371327335376,170.82870448022925,0
144.43408442854647,195.51872709469956,0
150.32655408484453,216.2932870354412,0
154.3956143883973,182.67075558314082,0
155.12597629482562,226.34798239451135,0
119.85856385251003,266.68426383758583,0
141.31217000330935,251.2974521434789,0
104.27593207971837,253.84278926562294,0
143.020414631435,308.78625891129116,0
92.28551592384548,271.3874308738224,0
91.80627475951938,235.86726771310435,0
96.2212754475749,277.84863772154813,0
97.39206822444947,260.47441151306987,0
37.96078034383485,269.85611440606056,0
73.86272007999654,292.17507530880437,0
61.987149038935044,304.18407948783624,0
153.56439557578045,285.4026015275814,0
129.2945006270051,250.81957625779268,0
137.96132254842172,255.30986298526742,0
109.43210611309013,184.4286040884361,0
127.62563229480011,158.80541832061124,0
186.11990308301674,97.86494491339744,0
212.0099237931796,92.85053479750366,0
249.11627790218793,128.91604391092517,0
235.29751671592555,10.821037973797957,0
212.11459599328188,86.66689085183242,0
219.5594150074568,92.04145051514973,0
221.8320091652646,66.59004245736111,0
239.52478884407893,94.64941832695223,0
193.43042187834385,64.84510902806778,0
165.1829047798942,106.93125905392037,0
250.4614853059347,105.0695052838658,0
192.19369444541704,100.08960422322599,0
208.99010441612268,63.84977544661473,0
248.23726180046106,119.21536753216594,0
223.84462431223776,88.38051120302737,0
199.04626159810812,143.37899844862204,0
177.59661499211006,125.7925781998971,0
163.1841544563451,185.40234809642692,0
158.65195435239994,225.57858600257475,0
176.98151109213492,223.5981898070238,0
167.3053953786688,231.77064932459206,0
175.2999870706917,206.75724336242854,0
137.71114789074434,241.49207635093825,0
200.07839382421298,276.0522090471226,0
127.61147845540916,252.07038762936352,0
84.49628518067743,289.56913547802094,0
134.4146190346143,305.8211650493305,0
92.96708146772858,312.2184951126646,0
144.64726802877797,337.79209008222546,0
135.77509124029064,312.3208578961838,0
159.80407507272733,309.07416986590624,0
140.64239668717127,257.6323695981335,0
148.50542340025498,292.8973054172254,0
117.80983664549724,304.3545121059508,0
120.52297606265934,269.9132011464497,0
171.42579945694902,250.6321075554946,0
207.7841667677451,185.29130134207514,0
200.13389120660284,192.8925144321948,0
267.6234671573107,125.06151236201697,0
301.1089749510029,54.92357943146493,0
306.79315396163196,67.01657905136858,0
350.4722794061232,37.261654618926855,0
322.60591937523157,45.230104581267085,0
336.3023133364214,67.758986980538,0
323.51788377946826,2.7494011922355526,0
352.37874898884,51.853768400433694,0
343.02367203340066,23.951118611019353,0
307.0629747973225,-7.112301550396467,0
344.05215823724296,35.61604531069759,0
346.6637224068959,-17.860692465533248,0
318.21176661253213,92.11049594936958,0
307.71295533676823,59.44673066944233,0
296.8313998551755,104.68058325355923,0
315.43720608580605,133.73312602658058,0
309.9907556210004,140.75530825213792,0
239.39809354197357,174.9159130932855,0
227.4672341187349,238.70673942101138,0
196.11430389369818,251.66768323743418,0
160.61369592565268,221.43705928322896,0
273.8688156277394,272.53063258406246,0
213.8868436494617,251.96405494217623,0
193.64427593165598,324.41496302809827,0
169.48822163275673,265.6096448892414,0
185.0308948041506,271.81303454650254,0
195.25037351973853,271.67268402555396,0
237.9593419380446,227.61000988042326,0
191.94802911292444,269.3951525556625,0
199.73664257986255,272.96137053605986,0
275.1242204032583,206.98554530608408,0
341.147839523588,188.75051478499637,0
355.3392902027499,121.7847432022578,0
381.65904949885265,42.595044153165475,0
412.40800702837817,76.95840873140577,0
391.6836481330913,71.72945614521768,0
355.43505711028627,53.11846834861342,0
347.75771566933787,85.94226156381217,0
362.9197755084272,81.59831303109723,0
342.8885623537078,127.46625909389246,0
299.32735904807976,225.1007328802205,0
269.58403274588846,220.68454199618395,0
315.6012490046834,271.0398981740004,0
211.04623183801465,281.6382849990646,0
178.97022719918232,315.5026457491278,0
172.820463237806,381.84141330810337,0
156.0467597070998,357.14946392808963,0
180.118183745149,385.94699028298896,0
171.5567131681037,357.74157792484016,0
193.18896412316468,347.54962182326557,0
237.12894457942613,192.3093413346479,0
276.2375264128768,123.47181920924982,0
269.98501696771166,117.34367898951763,0
335.88085180675614,85.16979519249458,0
297.06477767883734,89.09219581194054,0
309.45639021189504,79.6459971199979,0
320.01449240412893,90.90620861835987,0
282.4260320888584,91.61899235407793,0
300.27749968911326,127.2964473972628,0
263.92126621598584,147.1311870825552,0
262.91204915213086,181.69678697869767,0
242.59460730757795,270.557228488903,0
236.09514660742562,278.83263839840464,0
186.32866414882722,386.73934350305143,0
146.95876346799798,399.9999825753282,0
110.95340108234677,377.768109628453,0
131.83263472771324,397.71819002626523,0
108.60901289531131,373.0525606779452,0
97.56578551290959,386.365556807505,0
163.36290348636823,310.4681931858057,0
150.886414099816,331.24743124806434,0
190.98593479841577,320.9623739681724,0
209.7098691649893,288.90660104732274,0
229.7535675090508,173.27499180302271,0
342.79758729611547,153.7785921478564,0
386.60597648231834,156.98126417995115,0
386.1631060007088,90.0790045622179,0
368.8132065033498,104.58368548205374,0
397.65852416370825,146.58319450156608,0
378.5099584418683,108.86618246978361,0
365.1897971366817,102.90466861458145,0
351.999783649743,99.51325344322254,0
339.89987081928314,117.2849503870014,0
334.9274985873907,159.15319490257622,0
317.89663872601955,217.7430600447522,0
295.5857301494334,290.4618081858715,0
266.0400309593221,357.7968272494653,0
276.76628542342047,319.4272651343638,0
318.0510177096084,339.3659618627738,0
250.78327205425933,364.31201531927906,0
252.39924102876478,338.95057986317056,0
267.2159260106052,337.81595271800893,0
256.1323506092959,321.30189875048427,0
302.5203203283917,298.55840168814063,0
249.2672002520348,325.8024353290653,0
301.86603827829816,222.0247662000662,0
350.4670749490645,180.14901064894894,0
399.64523430129236,136.1452913831177,0
436.18377425929583,66.47307066865693,0
462.6098845579212,136.4358653911902,0
431.2860368635313,77.11562619919016,0
485.15295836220514,32.336572588715455,0
413.02907797480486,43.76513293604381,0
444.8980864066033,68.82952969734572,0
473.74536338496125,83.19960357411247,0
468.8177021314166,58.249292440214504,0
489.6368475747505,62.12056201632299,0
397.9146815361722,123.4428261479618,0
389.61285241702774,165.9890421345168,0
327.002516062596,157.05049229890813,0
169.4486054417864,262.88292880330795,0
169.05330326992143,262.89812844958055,0
129.5764945866326,287.90275328575916,0
184.07893840214473,321.7489948838992,0
172.03024189946294,321.4221532981263,0
132.06274911153602,300.02344691087217,0
148.4232807274027,364.3898271784233,0
136.26138775751207,318.7884428281085,0
117.59077943117082,408.7318883186895,0
175.5436328175424,301.6269478506664,0
217.72343393593616,341.01537552521825,0
165.70853301317985,306.19673595827703,0
196.32481224114878,235.62131071678823,0
310.1617125324475,239.18776072058336,0
422.5993412770145,131.73847565409648,0
496.3786453865155,111.08762306627995,0
530.0583714720847,58.26466174522784,0
503.69500450690623,81.9758085527954,0
566.3086411127379,54.52818316779286,0
527.3919430724272,33.34388980696838,0
551.5218840084549,59.66575867788703,0
564.5735938621182,46.354638291663036,0
546.9167777413481,95.95392573118681,0
527.7672547818016,59.832670085302766,0
513.2492092386774,135.7293123014037,0
445.0689458215317,132.36363595609959,0
495.79077559350816,131.3311979039878,0
447.2817961697146,171.4800421660688,0
405.40375811522523,210.16558890052403,0
394.54111985203735,268.26433865803693,0
341.2440185224017,241.45109359598536,0
325.0033005978968,248.19228241525445,0
287.74157468031035,299.7806523941645,0
259.52923398063626,333.1698578405865,0
256.71234836343893,400.6348841889394,0
208.8166327265892,354.1356908240106,0
227.72894138355102,407.89760707517763,0
201.03902483858315,431.1304686129482,0
190.12733729970589,416.707539475366,0
148.69665098602093,401.30967204882137,0
128.56858678830577,425.8442374180174,0
189.59782654819432,409.83811408957706,0
177.96439324554737,431.8373997975349,0
185.92654735400097,418.02692308570374,0
231.26364013865324,395.81753668588635,0
131.56857477117657,408.57820223648935,0
128.62960057518788,409.93646043490344,0
167.6027965515453,363.8845703073121,0
168.20650008759895,352.88391689762943,0
210.65241236300042,278.414413356978,0
220.9998597591319,308.36303047890567,0
256.4495555251076,225.9257525894971,0
312.1030952290051,232.41113160699803,0
325.5415687826682,158.91078122197877,0
356.7828720547483,164.1072518480977,0
343.2782522937883,113.78820495186648,0
385.45557375551545,158.93198386292295,0
442.1111535310487,135.32602786218388,0
391.6854558940672,138.3233261915023,0
388.90041184642484,143.38444404239482,0
461.74923791783505,105.301221327836,0
447.7673680859585,96.3862280204026,0
411.1397725049727,81.71230301999333,0
414.4919531229323,52.46637127862215,0
455.72399788562416,72.06835331750784,0
466.1222518526251,100.18410002931387,0
422.6871815393255,124.50106568675005,0
403.4897206336122,114.76434592243982,0
378.669942143106,152.09385314109704,0
384.54584072014654,193.68433172790037,0
305.0964787320923,234.31826154833573,0
248.27623315648378,220.5577516212005,0
236.30586951981155,292.3613448215534,0
193.10802408146026,329.48980237834814,0
171.4684055160449,363.1109571812493,0
156.19928937168285,343.241428931792,0
146.84349068315322,386.1622032007597,0
119.79310459621544,343.32946185669005,0
71.26329262803,393.48326488839825,0
132.9264647040255,371.8902476441925,0
102.70427238622423,429.4826466189895,0
106.82097147263795,399.6624218685486,0
147.55260503456213,427.12879059876263,0
165.93789523085164,438.41097461765355,0
149.70184296489828,361.399495177436,0
174.2732120764378,332.77616464613016,0
267.7779352703528,235.30382422252376,0
382.89719868896816,171.87328647447526,0
380.3531623843713,154.49840242732785,0
389.98692994381173,199.01873067718617,0
423.0564813717143,129.28165306929742,0
404.8809123136967,136.69845918228162,0
390.86937465029143,81.61994077867541,0
406.1376477318893,140.3192295896166,0
397.73068264375013,135.18816659450522,0
177.38656469649524,304.4762380744719,0
143.28539544691014,308.19697115343956,0
128.66016004519398,295.82637427141754,0
168.50888492202728,277.56193327232944,0
132.1968415641623,182.42316231934814,0
215.6654564906121,165.6442472694888,0
247.0712457159416,168.43329949017874,0
273.04799619588056,109.55019098680822,0
302.00658549655327,183.43351291624623,0
296.3036457060427,117.56802584888311,0
281.3733606890983,114.48657185682617,0
334.60771878702957,131.69202015783077,0
300.1045865670492,134.6933076117199,0
274.16921546002794,120.78613292501393,0
309.10492453280966,134.02524238632617,0
339.43419791694066,187.28569186221392,0
277.639266328664,198.07433133462854,0
296.3086641310193,264.5748933635269,0
280.87418573410207,225.03663787722172,0
227.95835931171337,230.062395732318,0
244.30537753589113,285.0184280696963,0
265.538285544906,290.2847246772339,0
185.27187792210827,261.4004189547338,0
187.6689248029984,276.34869008687326,0
169.35712396497277,322.65018353579825,0
154.09637097066826,318.605018574513,0
208.44491868558646,287.8243211291317,0
252.80236217368136,299.16284281978074,0
198.87199751122427,173.3263750769832,0
284.6125285886202,156.23791145269638,0
314.7509689177692,158.53599067984896,0
358.6275930227798,83.01311216491217,0
329.7900459247856,52.91895486233142,0
361.30978382160026,34.51748859517107,0
363.026389793519,63.953062724227266,0
356.43118588491654,52.44419936508143,0
384.57709624275026,62.49530231944101,0
381.5993363606892,46.05964674685339,0
320.5870318741143,25.173002515000007,0
358.9645336106029,134.31138016912513,0
332.1745760967035,85.65375643129693,0
179.42391836423027,309.04139067680205,0
196.69790329135603,294.76240681911395,0
188.7781146746284,348.8909192593697,0
178.69031020637522,254.4225581616442,0
226.01497351948848,249.32751899521134,0
258.9488210748097,224.72761568309028,0
319.48863750652606,196.23453982325594,0
304.39026833716554,176.27622052962357,0
335.75330054419396,109.03646712792647,0
346.436783944731,107.75791151578449,0
348.5744119451085,138.99084954811644,0
345.9810096954275,104.66246565046413,0
381.9418211135784,139.68817935784375,0
155.06375275834415,298.27765711384063,0
248.88148503783495,261.84515916064817,0
265.81265095630147,216.03550798296982,0
280.5523390875742,239.15301059388565,0
320.1599915426186,185.09681020159405,0
334.68545057195786,182.47252060524272,0
383.64717011225764,134.96959940211343,0
448.01758655049065,76.5295011299329,0
421.96893883643787,82.28689198161214,0
460.23546861942475,77.48522995468323,0
485.9427551251533,114.59761344571132,0
499.8354704581225,81.2037637535077,0
426.4591640061885,103.39229287419329,0
243.21037928372434,324.08234448090616,0
212.84501845944743,303.0452056965777,0
246.7837590162343,254.35598844566735,0
287.12731551929284,191.42005406675702,0
322.86713172852717,183.84489010579756,0
307.61400230880366,247.45962072901807,0
392.3957155818913,126.0037218768199,0
376.1699537685847,100.09309379422024,0
357.680139524535,107.31264888757642,0
442.349969103482,129.34434827927834,0
400.95944104657326,126.57349544378712,0
405.0066346912492,144.48221954976572,0
409.2783949314777,125.68296982222165,0
392.0585730651068,103.43449946333789,0
456.93203256905684,150.66184239636618,0
198.96184476453155,306.8760074253073,0
240.06072158418183,263.34982648056257,0
309.2754780875723,164.52913398211405,0
347.9601199819153,191.30168547399768,0
405.6325912050468,89.69596037794958,0
436.2344359019986,110.79558840505695,0
451.83906753116435,38.926252891013974,0
434.776174453142,61.41156418039759,0
444.49480965844265,17.42012586690231,0
439.66180426865793,29.75548936662318,0
441.06231577712407,16.715995984323172,0
457.56522072523046,99.96952899941414,0
224.97728561906013,313.90623136012107,0
300.86886404711964,238.1394595265794,0
353.63928939570525,151.60049964484244,0
418.3643082960249,116.4287460861417,0
422.9013535232489,100.96451416686222,0
383.3371648702026,153.138243658722,0
437.9874733401692,84.03731045881887,0
417.60378119923445,129.9029538782347,0
176.2581696134765,333.774713614786,0
194.00652656341157,301.41567192377795,0
275.7406859577378,273.5048269078462,0
261.6114346486743,253.7872075738091,0
263.01516086176844,200.99800849518846,0
345.30223121654126,181.47656063557514,0
326.992065140438,134.96090931149968,0
330.0807880430471,122.90338489210671,0
343.38854499582754,118.39879141376338,0
409.54851188744544,108.28547292110738,0
347.5770352949913,76.92318844937637,0
354.05941961287124,153.31678598427357,0
380.63773599638665,158.88269467808442,0
167.02232483150956,316.3106423050286,0
231.34076894305016,319.7827209081962,0
242.35240375547352,293.341498586439,0
243.1049581333785,307.0536571733081,0
250.91453707627022,259.50764417948426,0
304.66363563153476,215.51378908303514,0
342.8763471320656,124.99040012067826,0
381.45583281826066,164.00000147849693,0
348.98233170655743,132.97570161118165,0
363.31091477342176,113.47978538350844,0
353.3366058688978,126.01181941795534,0
376.59267289660414,78.12691438699636,0
394.83281886854104,175.4502340581065,0
387.90146988816133,128.91574387276887,0
259.7973803827342,293.95087183957344,0
289.73551169661715,334.73111243618445,0
252.375437952216,322.8509077355276,0
200.6057416191795,314.59206278546253,0
267.30748118580163,263.75234657768146,0
295.1062884750421,228.6467356458288,0
328.1027808403697,237.67698882416863,0
350.0153621997452,186.08685058672313,0
317.8720891864713,181.1066089021084,0
302.5396919221554,165.86342994150272,0
350.0889322878354,182.65754503932004,0
291.9958024232455,159.7156371429515,0
315.4586437092332,198.566618950492,0
370.14391964914574,184.8922481700236,0
245.0035516009087,396.8616068272167,0
293.031021833768,281.0227715083852,0
297.6067888897985,287.7612081298641,0
248.7412671590361,249.14187576602654,0
263.1043633935119,272.83317356173677,0
276.7240205242295,238.16450948797063,0
308.51232506227836,252.5081128059191,0
243.02908888051513,217.80278333314016,0
198.71321231353687,355.08308679012106,0
228.0620524018498,364.95229724230626,0
248.49665922795447,356.8958077386335,0
297.1934293976808,373.27718872181447,0
258.3154326292926,351.05385985262876,0
292.1345814421531,336.6257165378272,0
316.45927467833314,264.5193415480837,0
297.44496748794955,249.98871086785158,0
284.23101545319986,207.48697677894444,0
338.79467681221115,201.0947663172306,0
324.6866893226811,232.47556519095275,0
332.12007988303833,262.5235108603531,0
323.331851066492,255.11076516353356,0
325.92919024716076,261.56339695849744,0
359.07710871016116,256.19270943055994,0
387.7952279849834,219.17535426403606,0
417.8951964133854,197.1526303596733,0
418.3487962251682,159.14324661180177,0
433.33153368521977,176.30774995152098,0
464.02818423850584,156.11762867749695,0
481.26345055918546,133.12980051977337,0
521.3736841786865,154.2374141374376,0
345.59954118178985,271.9450434673154,0
352.3009182655755,219.58926482514266,0
357.90695495469595,289.06947869852036,0
348.3048618305171,235.64885948252277,0
335.7624376214802,229.53248220946114,0
378.73100522824456,219.07492377562312,0
373.63934262079243,177.26867286974266,0
412.7286515265177,206.76104991618843,0
418.74836472478563,145.34342424938825,0
397.3306089743554,135.95411696631163,0
424.3631472235915,127.33285635279083,0
399.47908776560433,161.2133739656055,0
413.3450608351472,104.58172980157883,0
470.0761115836576,90.65537766394095,0
346.9349869776314,343.0879249458805,0
319.81515717785066,273.58095122393144,0
365.9758960324182,227.70614489031215,0
373.3216127621646,161.58090931534383,0
373.344584363682,141.770168045062,0
413.99769094853735,149.42897613878563,0
409.7215953487234,135.6884344479206,0
462.0638313301034,114.66141977817841,0
470.5555789019508,67.56451109386336,0
454.28352757381947,109.82653092293481,0
450.2869412203028,102.23356835496412,0
468.2153377705772,69.82363673052066,0
399.02341908972534,136.89892740252367,0
424.34934849717524,79.29122794055809,0
462.1107633682117,44.70028801344762,0
487.6339114788943,49.71388354444559,0
428.65884891034455,-54.47555761014303,0
477.4723994109137,1.7746006634873197,0
470.2758784648756,19.611243581762494,0
466.676137699557,8.199866988038195,0
524.960204753839,35.38911910389612,0
512.2236250276349,61.3204941323026,0
492.2734177373641,40.87071179693004,0
478.4525318380153,47.03637432895681,0
498.1664850521581,52.423915869636176,0
510.6983977277311,21.22463504148618,0
473.15641349874477,76.93589985784325,0
429.9444063466731,70.31101007279773,0
453.24833837232245,14.690541302054726,0
443.2401621769187,32.340996326056995,0
468.17742378668305,-2.0372354983395553,0
379.94121552019493,86.88694941473761,0
416.03810907625785,23.427585641273822,0
417.7296961301803,5.4244024966084226,0
426.8725612362247,55.9698800181439,0
414.78315704536374,-5.937938184921165,0
353.79551247963326,42.912241535179646,0
391.15409915298187,42.141452127499576,0
330.26076554713796,54.33944414111306,0
314.8558783014628,89.41048831766318,0
340.80354526278916,58.26932219598052,0
293.04597435036675,74.18904627082662,0
256.57374264929393,99.84658805102879,0
261.01853896701084,146.61823990483902,0
247.6826980515249,148.87150177513922,0
244.6665486704326,193.67731120055737,0
220.3500329994967,160.65066228150067,0
201.20139417850694,225.82841345665435,0
191.45100578343303,221.47458026158182,0
186.13378453959135,223.40557752253727,0
202.19162674126792,269.84466495413204,0
187.1296053448584,276.80472808656805,0
147.52709233860386,291.7244578723366,0
211.86435695286144,210.92999357782747,0
223.93955794129465,192.53664899416765,0
195.47721031866635,157.00944279309584,0
179.83213863797033,174.84041196677072,0
222.98906327997148,208.3398848368995,0
196.7433084867945,218.23408557188884,0
187.2486072117805,191.5442336495567,0
237.53779179959628,122.72773195339914,0
224.61123376891481,141.5554464407295,0
240.83418480509,169.7090922609607,0
210.87972325953962,172.74405787652876,0
206.30720409336834,150.62598409053663,0
231.85442317285475,124.53479141857423,0
193.66686208943548,141.53437728996397,0
264.1243031038827,108.12766330596969,0
292.2900858761707,116.46817379755458,0
252.41821160417174,110.45347477611404,0
248.56368449164634,104.58764689015555,0
206.85638900148064,64.09493231000351,0
281.3280971471926,95.26874822962088,0
281.3354883393752,63.521534776745,0
269.591470467711,87.11681866009087,0
276.00654284333245,110.93280303684293,0
284.19916931949,80.69391149909848,0
290.9115126212234,27.094155440508985,0
311.4878261539376,37.36906815452568,0
273.3440371379164,-3.482101082481279,0
288.29958113766713,7.175426589395784,0
355.118087786104,27.985822585393578,0
361.84489123218333,26.89063301929542,0
330.5133432949604,8.751193931871398,0
352.1247344331337,109.57528238170642,0
393.49741715925984,-28.67726377900385,0
421.55717432451695,48.291301864808474,0
408.53992393595644,75.76248938918502,0
395.071264347398,5.295551395507346,0
407.9223837873549,33.60464998495701,0
452.32050119295474,24.75642810152459,0
413.81234762472303,10.479822960378215,0
417.0111348913788,10.512554011777297,0
343.1089568175799,56.68617399722143,0
405.6398701001716,36.86705861277784,0
389.85063020288266,64.15687781083187,0
422.6863690231355,16.45825074359982,0
409.4274377801594,68.25182816150294,0
379.00301389356133,80.22113068028892,0
403.60708168852324,79.90541866569549,0
413.55016963168936,51.89222019408385,0
350.1112766729135,101.68259880848518,0
302.09292448089195,66.23109432839374,0
361.50781341122337,55.62988168374494,0
353.5947805666543,72.74509893650117,0
310.38561953667937,43.101940599496174,0
254.59214571997364,128.7962070029991,0
255.22773094182617,133.47659190523797,0
195.8975852659595,139.31643383809114,0
238.09448697917273,158.37124866242914,0
277.72878447504684,133.74418390285683,0
223.00582304914195,205.30429392316933,0
229.18687249289775,153.2766006712007,0
242.8833605672523,147.78424288551275,0
285.2335273052333,204.42583799941514,0
286.46657650115463,186.4551116066899,0
244.40884735112894,211.14203158776263,0
222.2240573249589,177.8171180168016,0
232.08668733033429,228.3279426789456,0
212.26976437955437,242.13813568871234,0
237.52744782217871,162.5786735073197,0
192.82512585055872,204.12412047504324,0
227.61982937310572,207.3204584739384,0
229.71484334948622,340.67857188965127,0
169.4524346532437,347.99924519829943,0
180.47622420192783,356.9800534975493,0
159.44010155931028,374.86288536566354,0
132.8123416471155,367.1396194414054,0
156.33147272580442,381.23945393898873,0
145.96560912842253,376.0190213717117,0
121.60037575289635,360.41331538788864,0
159.7200973497907,408.04801552966717,0
140.40739169986625,380.1950312257802,0
167.16450817478028,385.7731036313065,0
117.21972169823577,349.68258820305084,0
148.05852045684355,337.72330311044084,0
131.3510810905672,395.37582999186486,0
168.6688938666046,360.4364483484596,0
124.34628098907899,312.69010139280107,0
101.33065211109778,337.25302870901805,0
74.90960000503986,312.78044909682484,0
116.67257254814773,306.29716394439913,0
136.87115693391564,303.98143235293185,0
96.09127186901316,288.2095619254512,0
110.92465308879471,299.43411930415084,0
148.97300315187235,271.39027032762885,0
176.2562976993955,292.42337661150304,0
154.36347479604768,286.9150629862362,0
159.7951359403711,308.10364287133825,0
109.08750907589241,236.0184357919204,0
113.54293162386683,279.6685643530666,0
165.97567560429,256.62361960694864,0
153.5422052944598,236.00095822189763,0
148.94993716659346,275.49176994108836,0
133.14755474685475,273.66865201081424,0
124.03909039558752,296.0459774478843,0
173.04774156293456,241.53976284395338,0
159.13284764972732,221.06314668215128,0
145.0165466492047,214.17620105281708,0
158.51081021092213,228.0703958848813,0
181.91646873925032,185.2262087403605,0
146.48635208214677,226.64259955227885,0
175.56209520760007,207.13362193828527,0
172.0878426524898,211.86136582260298,0
175.57257518320165,217.12928157186093,0
191.633855280889,171.08348513995406,0
190.13889569362982,214.06030952870464,0
196.04865126723294,164.55674297509097,0
206.8544264464234,184.93232417163267,0
206.68477392012804,148.82327331422073,0
217.39120722576118,139.50024194748363,0
155.43762279254673,160.76508796624307,0
234.29712317684402,172.64175759609498,0
204.00880137242376,186.175003674861,0
202.04699738603338,134.80472307890255,0
164.25485048763537,151.82764859109142,0
227.70508194175915,139.78629855389863,0
208.64668803105508,163.7876080901667,0
212.65724923543073,173.00814375133535,0
232.54766639535026,130.7376349983008,0
227.95543719891134,119.79486246338826,0
271.97049859605374,98.62610530654916,0
296.93330927046327,138.65233384150008,0
248.99750223973354,153.55852141611433,0
281.16077959836537,92.73114198288198,0
281.9078026067919,111.81652654508957,0
205.63306488948737,104.35544815704947,0
273.18948286282347,91.80660870410145,0
308.19339250155565,109.93182496677122,0
296.3795077010917,49.70088618871091,0
284.70868391709257,50.72496451365885,0
311.92671904020557,25.77720238849855,0
292.2769881993197,86.2071791211265,0
293.0425261351595,49.88924110401251,0
311.8081572740569,116.5475085014292,0
292.1941043484577,86.54953378260859,0
296.80391049478516,36.63182496611887,0
336.16168074911667,28.018551712962108,0
342.2366353463399,79.87334113809243,0
305.3570871947616,32.86329807613333,0
293.4862557695264,92.11139195681716,0
296.88021806492736,58.43301185224311,0
295.0697732788908,20.337927535457936,0
308.91964540070256,84.49200818172142,0
340.8886911984367,44.37391699852151,0
316.2460330855823,75.79244061205037,0
275.8403182729693,-24.21340946472435,0
256.3053038592403,57.110086213499414,0
259.10171968346435,-16.31006474016931,0
226.88748930752251,42.68041119473713,0
237.45644534432887,17.481282008499306,0
221.0349338466268,44.73668524202162,0
238.7375949442081,57.46828181381727,0
259.90502872203325,63.80198459430778,0
282.66848827951884,41.595752191089105,0
229.7550738521474,65.5958741209393,0
254.5445927419613,37.3611076328271,0
253.72649574967423,77.58944769078931,0
234.79188385024295,70.00325852332713,0
234.77976464109858,80.98464689467517,0
294.37548710812354,100.46029049541215,0
248.19038798037502,92.52607854536018,0
234.65477852784466,104.7090285410518,0
288.47001372722764,101.83613569936205,0
240.93817948234545,60.58095137011122,0
230.36732458096435,43.040804862268146,0
296.0286519930161,100.197061477712,0
236.1829634146909,135.6983412443164,0
293.40054297655746,131.54954712335132,0
263.945098035464,138.92283666694703,0
256.46103178770517,123.82179503521377,0
242.55528853458236,91.99502616791784,0
274.6586830089477,158.588893430045,0
232.0891378332122,78.16527948591391,0
179.079114584076,112.05170255230468,0
276.299808115194,162.37275198474237,0
224.75704223987427,142.62344041024016,0
249.50461495712247,203.1580955454644,0
219.36947631396873,171.05795205883226,0
191.27514033064404,110.22768388567988,0
270.0089447200964,103.89098723754404,0
178.85530905177797,168.82818241556333,0
245.427518797425,175.30355532604995,0
224.53239407766398,200.52975961433015,0
175.1361308477853,158.14371620958877,0
185.65226784551427,172.065589616725,0
201.7591692637592,180.03265150796489,0
168.40368833920257,195.25043412175484,0
196.5986686089419,177.94376357207688,0
194.41811915077668,210.12281871287905,0
210.55526642504623,251.40729080596242,0
173.4960131182376,200.77114011416563,0
202.9255598281434,193.43488208353028,0
191.84591785451278,228.6403818785085,0
176.57799791618282,175.16400694881588,0
182.64961066048937,241.51373711907013,0
156.4743585850676,262.52870867233906,0
203.5036019015696,253.46618134613823,0
170.35948683335755,257.1461732116689,0
165.24420069879935,298.7112757574323,0
148.21627639964788,280.77753308115587,0
95.67977450266343,276.66228718856996,0
150.01064680028793,317.11364333882483,0
164.03175247564627,318.0205368347747,0
150.7481801952716,280.0873306913455,0
131.6783895809028,329.1190971155721,0
91.11689398414407,275.273144792151,0
99.14527895425972,305.4157619308546,0
95.86832178098356,344.3529222423046,0
55.016242204077486,343.1899089287189,0
154.46216310258677,317.74716789525655,0
139.65806705200217,336.0701283456483,0
99.54669454480019,323.0952031255961,0
84.67473820970982,312.52511585274436,0
106.39275289699492,275.96803587293135,0
86.69256717276706,310.7975297138185,0
98.52746854317922,310.02390321931904,0
55.72020447620001,358.2697860073479,0
129.7363238163692,338.3648792479769,0
124.2481787236704,312.8873457315933,0
31.16339565678726,360.33750528230837,0
101.7776347716889,363.6528666183283,0
84.18289498735324,339.80202501276096,0
115.37678434587556,365.3872414277547,0
50.49031013899773,363.7916028384436,0
45.76786683887039,346.2539732996514,0
111.70331912573373,316.7496970945999,0
82.49777512070735,307.4401296901648,0
43.68248798299394,314.05148981084994,0
45.57064061833917,382.7223620202902,0
85.9122798062957,389.22810142142407,0
71.88148480055149,400.111965703489,0
82.68656891608376,427.53350984827955,0
80.99687042139702,378.256894238374,0
85.85429773340789,385.6569223828119,0
34.20224934249964,368.02674096457235,0
93.76004332534451,385.71752758790467,0
62.975180317623284,327.6305442188702,0
88.02525411287176,370.5914597865237,0
81.53776020797805,434.94589635447414,0
91.97450000981212,423.4880919580474,0
72.35351421553379,427.5532523244688,0
67.41485134657489,406.91388995658025,0
50.837385990142735,401.3586256405142,0
74.81940242118071,458.0860812363836,0
85.83268521939794,437.59808594743686,0
6.462576395129865,440.9370324140429,0
80.97284495498127,410.4351598118474,0
64.82976261298617,470.2075423948421,0
105.55126928159089,446.1252913656721,0
64.49924640661128,424.744536991157,0
98.5094262304162,435.5544924671613,0
140.1707838661974,439.04784718052133,0
89.97162823758273,492.43698828137576,0
136.5889115799985,434.0078725042835,0
93.79267862573558,486.0658447947987,0
159.1766043934972,440.8338961754584,0
103.76878587367611,473.29883503442653,0
120.46854752679486,402.9570908067529,0
146.5780790631624,444.9385939799158,0
153.35762645183846,475.51990902759854,0
147.74498270358293,454.17316962227295,0
151.28821034540078,486.5293906996598,0
155.0805275841471,423.7216770241754,0
116.74537155504359,409.37575405533914,0
184.50497868046568,433.1486536764758,0
162.41189425214586,420.7832514154609,0
150.52130724380214,413.28547013948196,0
95.8817175483222,402.3577769082567,0
154.69312768882767,398.9499470907165,0
121.55959435941959,389.2418746638222,0
160.49969602866187,409.35003160358826,0
156.7453662780758,383.33019816843307,0
166.12992020400708,422.7629318419078,0
184.744478124903,360.36537570580606,0
173.17370621892422,338.66072832963505,0
174.15146256667376,366.8198787573506,0
178.29679032651237,343.1972031462272,0
199.91278560784758,369.68170187773296,0
125.2241174046983,349.5971979336816,0
181.02276852217886,332.1588674774041,0
152.7784348190532,357.9284924028631,0
177.91042405401296,287.08479967297785,0
217.35653186856044,320.7562002035056,0
153.15296465046063,318.3029046104525,0
221.16807708805206,324.9807118128167,0
178.80226133723477,295.53714683764736,0
186.23461688861278,315.7925302240682,0
182.4884359565997,292.41726179288935,0
186.73731096860644,271.4607608417525,0
205.60761598911404,311.70883426895796,0
213.74376435252265,261.397419116214,0
164.76708939746726,320.14537466594317,0
191.58900423323112,303.4147000946369,0
229.7060236842845,278.3328039327674,0
204.4914017033762,253.20845240984195,0
219.22888185619885,308.7525726047991,0
191.03397505863603,265.04126816874873,0
240.92604554992022,232.02746065207242,0
243.26062562169088,239.23517010404322,0
270.7602175410694,240.9188670762136,0
222.10977991849666,248.54290984117014,0
243.63516067018895,204.1162008298685,0
283.4419828729339,229.6467549289618,0
227.54470803246517,205.82330925673642,0
235.43963359599718,206.77529223178414,0
246.0824116778241,201.62171566697612,0
243.81570500721062,228.26313524260524,0
266.6315783681557,218.92129197207964,0
262.30980744797176,167.87751354944953,0
341.6027712558846,156.7464018015918,0
287.7780947608851,142.95806734715535,0
289.4690360296092,197.4050109469706,0
338.78555339009836,209.25547567649016,0
331.1108756964578,191.08643961404255,0
363.3851739382325,199.14651003054468,0
299.81610939041263,173.8494813385684,0
324.72054546435794,200.69764320051814,0
329.23974609881157,186.1664428454318,0
303.3964581236693,104.54991197301251,0
357.92356768820054,164.1233169439767,0
330.61028083972093,139.11381918694326,0
366.6183959617763,147.2432594249454,0
372.32358345658685,112.63018708352604,0
316.41908094731406,155.6944170777872,0
376.8599901310729,110.81787844303608,0
387.3149937182284,101.34573119866582,0
435.1368758348313,108.30759529112856,0
389.7452781443474,75.28816671200497,0
376.7933736573232,108.64264881225552,0
379.12830135966595,68.82377586170139,0
375.790071164919,89.98213548919819,0
420.4421601292868,108.12764212064712,0
415.09035452320177,129.69504178100937,0
362.3740205461861,52.47258016007379,0
394.1678021352892,89.26240854571438,0
403.22693697196,-2.1593486773016366,0
418.7492731580505,69.75285078895234,0
411.90073897430364,70.48443072920526,0
448.6204704182086,77.9999633170537,0
429.3999667408782,39.01582795714023,0
405.5467512154155,43.36145621733709,0
405.61703624853385,59.54053628754008,0
401.81614359811056,53.33097853893872,0
439.13417712274435,56.40413536319841,0
447.67029904670255,48.7308507121067,0
425.1515864150796,23.95897441786218,0
406.26466907786073,20.83027329082455,0
416.8564859613935,78.66779202183164,0
382.4020636990247,41.60633601033089,0
391.57483756111696,20.025707052796747,0
451.76766705682087,13.751067623691256,0
385.69601169786426,64.72527324738024,0
393.6118116352417,6.753588871090415,0
394.48610398322916,43.636072085445164,0
385.0963019052327,21.932080476722263,0
399.9956061355532,4.5620180372753225,0
400.80354066041315,19.352390272159823,0
379.47204023013114,48.00797172374075,0
385.14989230325995,91.35165886653272,0
406.7350149783536,52.9655124495016,0
396.720042472409,-16.624785229962527,0
327.0275257511744,33.05759982523779,0
442.80218953299567,36.93432505177128,0
352.4342428662451,27.961938983355537,0
413.0567043225553,-7.0860396971057185,0
487.5579594533858,0.8681637012222723,0
452.71815626223525,17.58608674340087,0
467.22799703374903,5.89659757267907,0
430.7661873000897,28.075128539967295,0
498.941541055622,18.404741043415925,0
504.08538455698897,15.453039049528059,0
462.1304861385845,2.286060310295454,0
470.33437742761765,-1.6601773437521956,0
521.8248738217336,27.520354999640972,0
499.9548752443484,33.312615725612545,0
523.6519620514849,31.202494396432144,0
467.3521028976782,28.98485029132496,0
521.8635193496707,60.79701387954111,0
448.921708063123,17.661229974630828,0
511.7826910163032,4.553608341330971,0
507.222009369869,33.688073643803705,0
507.78451439806366,35.2198804810987,0
523.1928045711257,39.378002135716486,0
463.8637329937944,84.77750285276335,0
454.4531227961767,1.4193926692575474,0
501.56352870321643,81.23156401621463,0
492.4550191457521,52.73216773067276,0
460.88841943925473,81.30163110453663,0
450.8591347161856,88.4076414330982,0
445.92022168512597,78.25025999990515,0
400.9949282952101,70.4105307154544,0
389.3045229378198,38.68305071752172,0
385.3631757507036,110.72298524763744,0
371.7077471060871,76.97367386152177,0
371.8300444806992,79.15819046764074,0
307.25425636301486,162.0845866043183,0
348.1632759368412,125.755785595183,0
334.46521808742415,164.5142876817389,0
324.86012950579817,148.34718613161243,0
329.6507795524575,143.73750424160625,0
326.79910344984864,141.9644991130948,0
307.34403777939747,169.2871829162384,0
306.78125507990416,190.65467289596626,0
290.68871774150136,188.15301273080553,0
332.235109285752,188.05391737964788,0
279.7714607037918,215.12672044124895,0
302.0883740780721,163.08394713121453,0
264.3268378887584,190.1012552834863,0
256.7357566236059,213.0745681129622,0
267.1675251715346,246.1101573256511,0
262.2825928046864,212.52690345488497,0
330.93484070944027,237.0161056928235,0
270.9249471464604,245.26411615105474,0
234.29648929803557,295.3161366919335,0
245.12125153659488,278.8964488372137,0
201.9905541379578,242.80659601439692,0
206.54332962249774,248.43919597254288,0
185.74491580315004,256.5443413368188,0
240.94321697936297,225.7571731986768,0
187.19540262866965,254.7651492972113,0
184.08602319153354,303.3606150896575,0
178.6956626647911,315.9255257983616,0
207.1625164358866,274.33536842021476,0
192.40978017006097,300.71377198353827,0
221.60962613107966,313.52897212238196,0
200.572393185177,316.2810881875126,0
206.24731693111318,260.5142746736046,0
151.27975710509966,271.8506243970987,0
168.09996693489182,303.36727754315496,0
143.49143154297587,349.3620823431203,0
57.74653670222608,376.27099807979994,0
132.6301359139625,395.0734253248841,0
178.9221283000547,372.4234592995451,0
177.20774666860345,393.39323861756577,0
113.06244531748277,374.7355942680803,0
104.87129850562204,405.10671072932615,0
97.32867060632388,404.730843158251,0
105.68838889863366,391.5425016954281,0
93.63278525327833,417.1307094366764,0
106.19258005806955,399.0006096205565,0
90.27840660670226,389.9866441547533,0
87.07079515631,394.24814347518645,0
87.16142350756814,423.4973353987466,0
155.37006839258297,380.2658913758934,0
81.62324148720116,407.420079321158,0
70.89232610974041,448.5749037292915,0
64.741065240888,429.19712273983987,0
70.04578711713623,408.1631242973746,0
106.84057350280301,449.76480828987064,0
97.53980006778109,452.9119329229392,0
85.9026171513058,404.00937887337346,0
75.50510119947761,454.44067795183906,0
103.02547856723324,450.581663727705,0
84.36176898179123,426.19072869403834,0
63.88358503135341,440.82976094551475,0
72.12202374487589,442.114448676151,0
44.75928159230507,414.9546215519707,0
100.87752006290144,397.6664966671881,0
63.14633457130684,454.92727864650016,0
60.607978314630124,459.824072009094,0
59.79985848079572,452.5660580384544,0
88.87111140481863,470.87592214864736,0
72.55350492674717,466.08789476296147,0
113.19718617374684,413.605020181458,0
81.61022649521475,392.4102649873878,0
115.25900853945828,410.59698837375583,0
84.96088360832479,372.6248737555585,0
108.53363508471287,356.5048330945716,0
72.8879695346578,380.1747032513049,0
116.91377904526189,345.3757910688013,0
129.52498933575194,321.9024807949937,0
138.09346735324078,303.9161255792326,0
146.22171160428246,276.4636290990347,0
168.19542419199593,222.86214702726096,0
194.55215223149509,286.2100947033574,0
196.74169925636326,205.0606002856794,0
207.18647252109645,169.55889311905946,0
247.37832581320274,184.70044174225893,0
218.32467870239185,200.64506508831346,0
224.7746254709283,208.6984369687076,0
219.08986216383155,185.0473730513611,0
94.96669344741093,348.14576808055574,0
128.1902286347835,313.0529934873963,0
183.08038588702928,289.89120254399245,0
160.9400108687933,256.77907657642663,0
167.69634331472116,253.03473975261116,0
176.09581478240275,261.4483985900763,0
165.40029094480715,231.84387245651413,0
179.80653137023734,187.21323311944883,0
201.77104675734577,191.35773180955204,0
210.10882641373922,185.95255123292702,0
167.07299624097294,296.04612942593167,0
195.880279418996,312.12503934250293,0
165.5361547505293,222.1771473887659,0
177.41572769403925,270.7557345245849,0
220.62090833009495,268.42859100671734,0
263.55767869530877,201.54830205676012,0
274.30844334776873,169.79600559620263,0
252.58402145135486,122.66511824118516,0
315.2149916975468,112.77073241268357,0
326.2204744256261,119.8814854697539,0
302.9016537062082,118.39587017067288,0
391.2686379188639,113.7696251884326,0
328.56461105581104,149.19222274565408,0
273.76163647937716,115.24647637520582,0
245.93761779412225,364.1475605546765,0
220.95919216910434,304.27560150095456,0
250.33437492064658,253.35667191491257,0
298.39716378052697,216.4630548542243,0
280.40405830750046,213.54646882123836,0
321.12095436941416,196.72437116969837,0
323.1907274925369,123.5966063695887,0
353.4695991118169,153.39497204531426,0
321.5972383490633,78.25238349041399,0
314.4417698083232,129.1866509770826,0
364.40907741057464,108.46729069763785,0
363.9662135113278,109.09131420817175,0
337.2933513525403,137.60064100190664,0
246.04622560500087,340.3960646806615,0
246.02213451128245,299.63706631648904,0
305.5877127080382,279.0759013783619,0
328.8003930747143,256.79727861491205,0
323.2784985638948,165.24482482102712,0
333.592013651407,190.6617066736419,0
346.71416474407437,169.35239550491974,0
340.7132261834698,166.15445068930194,0
396.4524658750369,172.2839846527894,0
394.29566132737654,122.42699405984098,0
458.06390646676425,132.46645881008794,0
452.9888881290723,117.72972498882444,0
469.31461234868584,71.96983434047911,0
471.4932768596634,99.08274519925573,0
460.488672275447,117.21650657452119,0
257.4055989158514,313.0390807246518,0
246.67980224101655,324.767145905034,0
294.5379061184789,223.46591419635024,0
288.17770892102004,222.17195168268438,0
373.58689252155943,187.9941845457036,0
357.24798000276036,181.9656953896934,0
388.47915601308665,173.37849665289036,0
443.04858485782466,117.70002082047802,0
438.1478912376668,137.07256038141355,0
488.2868475664504,70.4599183352505,0
507.0416130414326,117.5152730134858,0
458.00765103168766,38.8499986700898,0
262.57997372230216,287.5992319379691,0
201.68124292855174,274.49449522928376,0
266.66045273441523,300.5994746165409,0
337.0058695899377,271.2077564535243,0
286.6819923961627,252.09876561885704,0
338.0892974434822,324.46431225317644,0
310.69783972291515,243.25426285361203,0
325.6466196801029,316.89247408716693,0
331.9832069569752,266.7645196269099,0
303.1940995720158,251.07525369343352,0
294.8121183341775,254.56229318313657,0
313.5681359652672,250.93713712861597,0
385.5731013131922,243.8192725295911,0
368.5536786950979,214.24195501468273,0
343.4962492828818,214.66885656568462,0
334.28674765459357,203.65390982887453,0
356.94232544755835,184.52685005692524,0
352.63060806787234,226.33414206857765,0
348.56345188910365,141.57112603226062,0
388.3165835053633,180.55584795686394,0
377.0468919064284,221.2598765826071,0
356.0577056411284,166.3295659094299,0
446.1094749719596,155.16337550244128,0
383.8630840080105,171.15110731393207,0
403.73757823373893,123.84345440118062,0
426.74495841827815,165.1291192638874,0
375.21273315724227,192.43173463781386,0
421.204305652089,159.56094548834267,0
434.46186751284256,188.87628801551222,0
410.37322175580186,172.6934810766865,0
461.4666201561519,182.74740117635605,0
456.17605082863787,151.16804064824169,0
463.48514330028996,145.33376061132316,0
445.8744874750306,136.3965501094255,0
492.3790324807319,160.54442127698326,0
474.65602283958,98.83703475390939,0
496.33894499149704,139.18244988060252,0
542.6870628145805,99.30350770555003,0
529.1420044745867,100.82487644001458,0
552.3233228036901,113.5988595525198,0
510.0353677527792,108.58829284247497,0
508.66809483641146,160.47815311806443,0
513.4051769124637,75.90165463368277,0
529.9564575350634,77.55352674902133,0
553.2789670500583,93.21833750333366,0
512.8978520886224,52.7690197290496,0
496.56697892708286,29.281534237628023,0
513.608589014701,14.103741294198471,0
556.6673158732153,71.06249219701755,0
516.1362902875579,4.583248028349999,0
512.2409363477962,61.720004081009506,0
541.6583532632477,44.55584302285689,0
526.151671285064,3.282162738426962,0
522.071413681682,33.36048930063981,0
504.7973456164458,44.49332475046509,0
541.8520812938558,17.143467682225094,0
495.97214550862196,38.317381779373136,0
250.5558082371253,454.24267415405154,1
262.5319755014919,456.9384167669531,1
301.2599314093017,446.3234423724419,1
287.3623659450037,416.7142675846754,1
340.42769672412317,394.6609581221925,1
347.970442281188,397.45119089025195,1
373.33351921452424,361.98613023074046,1
406.50807918395157,377.83021741052335,1
468.7510683353774,340.2704029573358,1
500.90528216385405,361.8178902282457,1
497.99697739134524,325.89334790192675,1
490.5903650111622,276.44073106514014,1
515.543098461945,275.6436358250186,1
487.28246782860435,272.03429960479855,1
538.4093155113604,290.33455589905,1
515.290073433849,330.29824170195207,1
550.9284532864133,237.41540164631948,1
536.5775560483374,300.0301614582082,1
495.23763187327665,243.02749167907257,1
544.7775972435273,248.328321489538,1
583.68256679326,187.31760377788584,1
566.7881128611841,214.3652202537611,1
554.1461643006007,210.66828754705864,1
617.8798125074219,217.63240302512935,1
582.4366113093449,247.00915356949076,1
326.67782763270736,410.49236260716646,1
316.9065794689664,389.0895449470718,1
369.92857775826144,308.2875137025892,1
397.8791171498183,306.8925406747444,1
462.35044004331684,270.9504945408271,1
490.43000139103276,324.2586140780787,1
495.16468631317923,241.66169125450904,1
520.5672515495219,242.3206880351487,1
539.7406104695284,226.3204727079139,1
557.6062584701846,225.73039229091648,1
533.5247160404614,234.18516178882953,1
602.416008971673,216.96804028147034,1
583.1982037901181,154.38850369174645,1
575.6532543948799,170.45528342502695,1
609.3257054818413,180.47262406570883,1
349.55022040250947,413.4249099380778,1
370.82143586793154,426.42763711302666,1
374.7346342514905,412.56816032404174,1
395.0955584959766,337.9216106732151,1
422.66178198357653,258.2666872656665,1
444.48529611209955,252.12310091016394,1
547.5103880138472,226.99690050005216,1
490.5191836917917,173.46137201635844,1
506.78207248403504,161.79897716187298,1
497.5946411582011,174.90788459291292,1
558.4937642761407,201.0639335575499,1
556.065677732701,166.76234159166268,1
612.5704898685769,168.98433709552484,1
604.9773767859369,149.64819966266282,1
543.3029045868,165.567879642916,1
540.0677646412084,163.4613191812528,1
350.91852070487465,451.40756534539423,1
382.91176810388987,447.30320600214355,1
387.8925427576001,421.4138604666446,1
371.48393346922705,427.6046642755834,1
379.715345721299,363.5792438129743,1
423.74373628216676,355.2206449384387,1
422.9247248408752,292.86604309650545,1
468.26922451518914,296.90947564327996,1
534.4008555771995,228.30262558366456,1
516.6296444759006,254.56975964561408,1
552.17592820305,164.93064172830793,1
612.2942518474986,128.31541079063453,1
617.3467004199667,115.94746423629897,1
636.9082112611421,106.27018529318627,1
615.5868244433392,119.89885261715796,1
268.0480896583832,420.175152764613,1
314.2760164063955,433.5119655553275,1
353.85919139225604,377.94370230616926,1
400.8444087749262,321.6924036458904,1
448.2825075055281,298.69313041672376,1
487.0999309617402,283.0858073951214,1
474.96005158327455,225.51865688422527,1
525.1802905791786,200.90756455738017,1
528.6569560765713,186.13247649681267,1
555.5090027008866,201.91796418769871,1
570.8540686541647,220.32485472940817,1
564.5314002312407,240.74076065820793,1
500.71362998284576,199.75839084479128,1
183.69874810558971,493.5360321508256,1
202.64518979875152,430.05104598515925,1
236.02327711721378,438.2592637833051,1
357.1173513253173,452.15136722164607,1
463.28412524906526,316.22600565827827,1
511.3869348361189,275.3798831103918,1
559.368752617568,239.5651387228973,1
528.5282680473646,230.13571973683963,1
548.5614590645315,248.6602130599848,1
199.36218171179272,445.1228221959425,1
203.12924140611113,405.3246134635028,1
236.85134775502812,383.6409414606997,1
259.5003706552678,387.8231416927265,1
368.6004663039114,406.4518484506727,1
379.60872098880566,360.6188632506527,1
334.772858598083,377.56278697164413,1
382.2696014189052,307.8008394632766,1
460.9791021547637,306.7905775355732,1
453.253874679613,297.4290392281323,1
430.9353463231269,326.1072892188999,1
460.6409441616453,256.7217128377611,1
477.41306925759943,326.88053489626054,1
459.8951010068687,322.7006845893811,1
275.80512698566014,449.63734719261095,1
183.0709137760943,498.442692035351,1
227.6244749912993,475.6588221924679,1
233.50039945415602,532.7213980350292,1
281.79280977917904,492.06627122418087,1
282.9924314730737,428.1100552825816,1
304.5794867228221,425.0099671183397,1
321.3949195160651,420.80719937789775,1
293.96699423182287,416.9375828764982,1
298.1794216167504,391.8959198362531,1
283.64703970123264,415.5403857944166,1
314.10785499387424,449.7521350552998,1
351.5028021325365,396.5931526713209,1
323.9004117917074,382.31097858133774,1
280.7421907965077,445.68886315613946,1
297.6506754282166,402.9588280055128,1
352.41574346044945,383.1173417037388,1
333.53608622485746,356.25618289888524,1
303.6721142480879,394.9968767638145,1
375.59226243151323,430.4468442042585,1
320.78223439714395,391.65704096577275,1
350.66214756412023,370.70260751509693,1
345.35297612623094,388.53081949456623,1
360.02696612071674,373.9081219528085,1
348.8445130573176,360.4689117237718,1
352.44731485584003,405.1874280455401,1
324.4074087763609,365.36598786842944,1
373.887050630372,361.5090467511938,1
360.84113993073305,340.0668265268562,1
379.5176579697447,316.293735807124,1
393.88340816091136,388.4634045082944,1
348.81021017634345,314.41204599616424,1
367.94151013189673,369.90729171098616,1
427.74066812979197,318.52892033121066,1
399.85520468782545,329.2475705969023,1
369.6150927918956,348.3890650265533,1
379.8519822191238,309.55895468033054,1
427.06732746508703,362.2563155443746,1
414.9762103812295,298.44513474407006,1
391.26605043564507,330.4526381923482,1
383.2315263036659,334.0600197516196,1
407.96706025000066,285.80777719651365,1
406.54795120880806,316.5059376772388,1
407.3997970769514,288.0520188992324,1
433.5188732470785,304.037991171759,1
427.28761911677344,275.25882107180126,1
444.8972812259908,238.80504318234978,1
415.4087683651743,289.0395857105481,1
399.9655161459772,256.7334453537869,1
376.2565932479067,319.55071907310446,1
346.7212672131317,308.24223858836194,1
439.5121234437375,273.27248517905645,1
397.7464071471577,272.20136352903603,1
458.43364217270334,226.64738207472777,1
426.5209110050162,254.04299651401422,1
427.7837534096483,240.14703915358803,1
418.2017423321674,273.3823324796459,1
425.7905211727248,234.1256037391242,1
456.33251358143406,215.76498881973976,1
451.16696393401566,263.38201737602776,1
453.8712274418977,265.2044337656562,1
413.4833011861365,247.87585767560554,1
472.5395984074461,229.5389715856826,1
513.2621738005834,219.86619929561664,1
485.10652523057684,200.4505563984547,1
500.2302093644951,257.4051267598857,1
496.0633870561507,199.90131054142364,1
498.34934075573244,246.5819495223657,1
529.717039864438,190.81667937479892,1
527.3490437227543,185.46633710901938,1
514.7171216586381,229.02087429151698,1
555.3510655860921,231.49558876398476,1
445.91788711781174,217.54315831737125,1
515.3253398150894,223.04156334756374,1
510.21044011583103,162.05811013711195,1
551.2833039383653,156.07736161207276,1
602.4456775513189,158.47250408678877,1
581.8348757245537,104.38544865575705,1
573.4562342917485,127.6190600086386,1
595.1685475270363,131.8933139084162,1
594.7630319055411,159.73083487655202,1
538.4590681024142,122.86846718419565,1
609.5441221623736,100.20084127546528,1
614.334864243567,100.32813083287391,1
604.622329537949,102.13712539451234,1
593.849761394164,94.22452959145272,1
578.1048744802206,117.37487689621037,1
573.621002485456,65.52889027781134,1
630.3962443558047,49.4895843768781,1
605.0596124871998,89.33995301541773,1
568.3945690337134,84.73250717922326,1
587.508031346014,48.63795346271286,1
607.0666135867122,87.73398812386603,1
616.6801415614968,86.66913358268215,1
626.2002029889728,82.67748302846502,1
639.5587179687252,65.65577127155194,1
611.9573290138155,39.923696154052834,1
655.674007569489,33.017517302968145,1
668.4507672592213,33.816451987197695,1
660.7260744015891,11.08781767862547,1
679.4619003613881,43.11109017381807,1
679.7732365827424,53.54072171317557,1
654.3269399226529,88.89943589888094,1
697.3846941697698,45.08450772489442,1
625.9750601763567,74.88196837062287,1
649.8599160910162,82.36358653138223,1
691.6197834872833,82.45058066734487,1
668.6542985985377,92.04928102176308,1
653.827094083789,87.03863881319131,1
629.9104025002275,111.36722683528325,1
675.016671482248,100.64105837088795,1
675.809968560096,82.38222786493401,1
679.1426651764488,84.23500870888762,1
617.9464063945927,64.34268094620438,1
680.3955259613323,83.20154793477047,1
658.9419881133359,109.77127216664536,1
636.8920957502579,78.5627396060226,1
636.2623733427843,75.97238036254168,1
659.6630406611947,99.61342448321801,1
692.4459076228137,73.48400407314904,1
616.8011817065405,45.90866121551278,1
652.5164162342192,121.13943735357373,1
623.1627224492535,90.47829906956798,1
636.4345722768433,115.19966334694755,1
638.8754212743406,109.26100220822985,1
606.5633241377442,33.449761297742384,1
589.982301788913,97.88327765380285,1
588.2880857855581,107.6031895466898,1
564.665805502948,110.93709589839528,1
623.7022031288863,85.17073397690211,1
541.641895815912,126.88631092172068,1
603.4350593727822,106.64076387880857,1
636.8968481994573,135.38803849961522,1
606.852378777968,153.75791830782248,1
597.2121209863676,164.7187562915708,1
606.0149246051723,143.51607141830846,1
635.7700146233236,221.14168807432765,1
683.8774714696456,153.76873498492193,1
655.7794560782553,101.43930970894019,1
620.9485679701302,178.7745024238319,1
677.2931722948621,205.7701182537337,1
625.1103960840406,191.45467024744272,1
647.8236385737817,167.92941981897292,1
660.1038913825604,193.79265193457798,1
616.4644666657904,154.15009268150516,1
622.375993795107,171.7407231585388,1
607.9189176709523,134.42778244357999,1
581.7827412955501,201.11228039208618,1
539.6865335059429,195.05319379816297,1
567.1822030071874,159.0880516557741,1
599.3539343921655,214.33536599767785,1
550.2368609918275,201.2184139018127,1
579.9500114159255,208.65173837972503,1
599.0659301879091,220.61960705114637,1
539.9449377584674,266.41630830000577,1
581.9703980684321,267.969962710551,1
597.9293739559157,240.21379798233465,1
596.5602301442563,189.28445960641994,1
604.6070401204258,248.77773570366915,1
622.2219748480759,223.2821849960148,1
621.0022465315051,269.0534726072474,1
608.0638097511799,240.00532366510475,1
628.0143793497724,248.56377701557278,1
602.2661526860672,262.6518528587594,1
622.5807807856296,312.79719849137575,1
536.8575808933449,301.58984204291903,1
577.8293258490844,274.90380380758376,1
626.8905777220452,257.9514787483753,1
630.2805051038216,304.63977907488095,1
532.5254416472701,271.1622887751579,1
587.2657200598138,246.59479711666958,1
621.9700564383843,247.87828632852137,1
552.2669238951557,294.9957159332647,1
601.6587783498794,257.93851378035333,1
568.5386628547016,255.20880591627642,1
528.292162029045,276.9248623451509,1
551.4433990191218,241.01510074372032,1
537.3512362029492,262.8966646460274,1
521.4937923420089,255.73046388110856,1
474.96146071108365,268.40156500446517,1
492.7068187694174,269.0510609262092,1
490.673891017636,282.70630315745274,1
535.9927586049056,282.0914126034926,1
464.84109726023445,268.7462688113948,1
479.6152250103003,268.7135094496701,1
463.0672901596098,283.19639506621763,1
484.13829557859776,282.5111945775985,1
492.5730612971318,322.0395500731638,1
474.4558288761772,297.75375902270116,1
494.7208445072758,303.93125189161054,1
466.84428270958,317.6679973140183,1
440.6412146398215,354.4745833606671,1
444.38450585262177,353.0050991150613,1
436.2373803711997,322.433252672237,1
399.91621207166094,362.55673979315145,1
429.52920933634795,359.6635550255927,1
480.2313903690193,351.2930109371873,1
409.29764889774606,349.2042703452249,1
408.0958762276373,423.91733595367157,1
379.2441524871364,330.3712073583433,1
443.0145654567225,336.2327813356557,1
469.2575522979284,314.3779921661277,1
416.5003010837614,408.1904221981892,1
411.0857754838781,364.32547398032966,1
479.3873829019332,359.60373425029275,1
429.81246005379904,434.5138956032506,1
415.4932717798058,408.6029055025603,1
404.9102195810304,416.848262968774,1
370.105308593345,443.9404482282355,1
414.9658298144309,399.07144113135075,1
395.2822321956093,395.8269395091098,1
353.6086533929497,383.16889482013005,1
390.0677579688563,400.7958930620084,1
366.5118736601544,427.6787411345962,1
315.8265784070993,416.58411066262676,1
344.6478697071611,380.9664724470143,1
354.28997115038186,424.23985090921,1
355.61455411351983,433.23598758517124,1
340.4163022692478,430.50094810325936,1
368.8195833561934,457.86952031589243,1
387.0794575283995,485.5750864429725,1
376.11427209891355,484.9592443375252,1
324.97712014992675,409.5581604067222,1
365.82614952045185,454.4535394807348,1
302.9936905402654,424.3402869038279,1
315.3349978164226,426.6149389186625,1
351.82197104099305,430.43530828672783,1
299.3296562399203,442.6859404878062,1
341.2852944475655,420.0090100572869,1
325.4164739605555,490.9620478663834,1
329.36002727038516,450.67272957074834,1
379.0120077842081,415.31356200422005,1
358.0696595110581,394.9928766132595,1
328.99649489167336,467.19307258949885,1
296.0924711159957,507.7644436492872,1
315.2229032985384,476.6276215283104,1
375.5062587389269,450.7686247971165,1
371.8908309775274,476.7297324872545,1
445.3873220464692,468.33484314545757,1
446.611507421803,440.98849973660776,1
398.3350466207086,437.40851269831353,1
394.48847094580844,433.633843566558,1
390.4791552875964,446.58104466662274,1
429.48793630922216,466.7457769498355,1
473.1795910862923,424.0223287763588,1
512.8117250252187,444.5735225165549,1
492.6701678524629,457.876356995778,1
478.3723395360086,419.23169918251347,1
492.8855571204046,447.8965269971211,1
490.3179252233394,400.54330717034134,1
491.946465573496,463.49817885783995,1
517.4407024590297,400.4442555256228,1
455.47562578109194,420.26044620843754,1
466.21872174213377,402.7376578820178,1
409.27950343197585,409.5626245151535,1
447.03752593918557,378.01012134474905,1
409.2644163616591,376.5382247883624,1
416.4823437788379,418.9323017670171,1
509.6463921619177,375.9617389099295,1
527.0228349010224,347.1508192270319,1
489.3217420504764,363.0570583515461,1
506.46449644357193,385.89740040061395,1
499.6754770454729,397.4646047907878,1
507.850190396525,430.2047559061838,1
513.3617279341024,295.1373772623442,1
527.6868473603058,328.46069120357424,1
530.5243051346773,272.72732499630627,1
556.1687689993958,271.4823632041972,1
507.2344768933488,307.57644950593306,1
530.8115935750377,265.48659030415797,1
543.2549363460621,318.3425493380385,1
565.7322049519813,292.93690652859243,1
498.4658607809896,265.4662818720651,1
525.6367241749738,282.96570181658035,1
538.2865350021231,248.83141322689835,1
577.9443124530147,249.42733199077776,1
538.8368221322808,258.9480591234428,1
571.4730151062595,275.61491117004863,1
603.7113662770951,306.8885837946812,1
554.6649633691735,244.23533961128132,1
533.646267013587,210.91900151886455,1
603.651998924531,230.72409488196894,1
615.9254881230312,267.443917084996,1
634.469031536825,248.474627817478,1
603.0635374864357,246.25182059988293,1
603.8392227328774,225.30200908501502,1
614.5384374213768,190.32881784203857,1
654.1760651777774,175.33136963530228,1
620.288247144792,194.40061145797137,1
634.8828435690364,204.41307700846698,1
654.2791407958294,176.83835720733214,1
655.9481431052777,202.0414040533393,1
600.7584852621405,190.40868419449868,1
607.8571683212141,162.68735714581817,1
650.7627604827678,265.5682234678851,1
622.252601261818,212.9276996178039,1
630.3720325304333,264.86928487992026,1
577.1750420564081,271.8996889721023,1
576.9461104979287,247.3426501554206,1
585.5446106478054,303.6663046298471,1
578.5661061501625,326.9493896287257,1
548.8665027325936,325.1932795031281,1
558.3016763177089,340.0319351831606,1
508.93092243999564,351.0683711890723,1
488.68493726985616,384.0381445425355,1
535.2495711029287,392.4265075729437,1
533.4727480523748,371.9417114750247,1
475.3421959231072,396.37043292968184,1
461.6291078377899,417.3499700291953,1
437.86112113216655,435.89676495892434,1
426.54981852240746,406.36027090332414,1
490.27977874418565,395.7368572637965,1
435.3402021073271,402.65337860766556,1
413.54109645062795,422.0915065625038,1
467.0689956804679,430.60131498891093,1
459.9530876147344,459.6087470254751,1
480.7767297680714,467.77573296793656,1
429.6372696537797,431.91619772603667,1
480.09017142617455,478.9054169950215,1
525.6595848028925,424.0342661534177,1
523.3575572525483,440.01493418777176,1
526.4015648990245,428.08554928727733,1
513.7583678689916,413.00717381140754,1
546.194425023506,391.74135345301795,1
547.5023421616643,335.54728455550276,1
550.0370767926745,318.8453097590528,1
570.996266074224,321.19684435346437,1
587.0283216572155,314.83246482615516,1
610.4151723202866,298.7513110224628,1
607.1449658738103,335.36523237605866,1
597.82507245307,332.2430206381713,1
597.8807673042664,274.6150474346789,1
594.2316667252056,317.9209538581965,1
632.1409925135956,323.4316961484946,1
614.3499747604516,298.80106723400456,1
628.9062229574498,328.41669687058715,1
628.6767195779142,290.1038581235286,1
608.2768023328479,248.7626282373476,1
639.3486023853525,259.5462311647119,1
648.6138649935334,237.74350430038112,1
638.7697604172765,252.42491062803217,1
595.6264893401353,198.57239550233703,1
625.5261330478735,198.75502443924017,1
589.5801938661735,180.91961668764242,1
602.728297142953,165.67405755518564,1
578.0778842896964,196.22437919548264,1
636.6745612662473,169.69819736532423,1
635.4701705670473,182.94127369767858,1
664.4146390360202,121.2072104394399,1
670.6692841624925,159.8558883450633,1
627.4910403885112,148.36081187411543,1
610.8618707963568,181.84383103953252,1
638.7802591805176,160.52443626580742,1
654.038152430831,121.10174634457883,1
621.3948213329651,145.9314907078856,1
673.8363762609498,170.61070849471656,1
639.5583991312711,136.94337841365302,1
638.7820730734892,149.4648544834268,1
650.608716307436,130.5375238187749,1
685.4699094388932,107.65914516550288,1
662.2598845711567,93.1358389532254,1
703.7785500565273,107.99721335646171,1
668.2134827057772,105.55557811238265,1
661.8426744213265,124.43976439794278,1
648.9148910775086,120.05663065222171,1
690.0203327183585,199.52773429401338,1
680.257859460617,141.8298024855165,1
634.8110192733491,201.05880163275066,1
651.715954003958,186.6777386683234,1
719.680428380188,176.72004698999075,1
684.1639362015452,132.95487225573322,1
656.9650107435625,171.07682657845845,1
606.8375831458312,237.31226682883528,1
645.1701390729563,197.30607322577305,1
650.2500022546909,212.4858946545815,1
671.6808046081513,241.8877620248228,1
664.7306962348921,197.78540704493946,1
655.7593023258704,275.2368684540303,1
673.8693057199687,293.5003042144283,1
634.4127710044287,254.11197151943702,1
669.7776962759915,282.66880827101716,1
682.5606556307383,278.31357046872955,1
653.0771255510338,319.9734354760635,1
675.0485016799995,347.92984517726927,1
663.3314157657679,325.81702860784463,1
656.8336429343698,312.67270951133503,1
659.0032508014734,343.0245935121042,1
631.7675790814502,354.94765157105655,1
619.3051130504057,359.91085949192325,1
611.0938185667942,361.94090731217375,1
596.9517189872571,325.8055143392095,1
575.5628738948475,354.4635337892406,1
594.7867285963592,358.5372160167067,1
598.9551754642478,370.4491064197731,1
574.0373242984075,394.24375435350964,1
547.7459998393081,405.69080644129133,1
570.8417244281112,324.12959677327035,1
536.5159162573013,367.6125759477805,1
515.129444939191,392.6178629514452,1
543.1221542362467,418.7321376889612,1
528.7108586133194,421.4634218986165,1
497.32061293791196,415.431981743241,1
477.9391943197204,415.37332751803217,1
456.6482011991693,395.0800101228084,1
484.41556677704244,465.9434100503845,1
456.90312156534384,412.73701090790604,1
469.3406397428053,455.18350772730184,1
456.70827974167787,393.3366389123662,1
439.89115620870706,425.98136909228117,1
429.3031322579885,428.56802651620717,1
461.6690676914868,388.3586014166507,1
381.97031193082137,379.06333255056745,1
456.9378078834416,434.7640623362021,1
422.4655959205958,436.5437428069475,1
444.3811468714129,419.7543638299585,1
429.3157016624941,366.5471568967018,1
412.82730256197897,396.80272754222665,1
428.8152356417467,385.3429059952082,1
459.2151950360814,361.49979274117203,1
417.13671562101644,355.4091164466886,1
428.05682169239327,373.19135360521943,1
479.2347461330059,375.5349674193379,1
490.32869570438305,365.5972441050715,1
434.0375259819778,342.94807627336405,1
457.39138356260645,328.4423304582165,1
512.2542057744793,316.1173561125057,1
473.4870515958215,341.7315622792002,1
476.076572522274,326.4129388020167,1
481.78794998939577,322.27887502515534,1
422.2210552706938,346.52557821047674,1
473.3920715737679,388.88868983269344,1
459.40398510245717,343.78783705933046,1
478.396861602113,414.13988837570344,1
447.0280562372766,351.4248668052761,1
439.19884826374874,371.8943421917915,1
425.16060734527383,368.19370087425295,1
489.6427009119131,403.7670693851148,1
456.3955981206087,375.06449436203803,1
443.9677342579084,342.0140877725508,1
533.4187853408243,345.2407134805759,1
501.556886425116,321.5770198743742,1
496.0388710274507,340.6244323696944,1
462.17129983801277,314.58991113076877,1
482.6672220998285,265.4593780399635,1
504.40192993627886,316.4514708201531,1
524.7070419308052,310.03993293453715,1
489.5919474296031,264.0083867519246,1
494.89798532861835,280.2844406218602,1
534.2321887728859,280.1599461570753,1
532.319721703608,288.79782613643397,1
534.6330049705186,321.3733773037676,1
518.2378804430473,277.89280321215347,1
552.0806123524346,250.07526442297703,1
515.3109775713584,199.30009438623222,1
522.7282463275602,263.25577159556906,1
516.4866711039429,201.48488231781585,1
545.0800456820568,241.45970147810363,1
544.4611505167691,213.76131698704478,1
553.8384844024905,239.9676469722047,1
591.5964206856482,220.58393579966156,1
560.7032115915522,211.27494256362934,1
509.40215890285606,190.15074112683521,1
560.2390019242947,202.40324626519111,1
579.3248414628616,180.58617382941014,1
561.486602942919,180.00649890455298,1
559.503678979745,147.8547618832003,1
599.4817410150814,168.94674453068228,1
600.0749720730148,126.48587559465301,1
589.1243353685221,122.81069156972075,1
646.8649384024601,136.34691767670216,1
588.2536599610432,142.03622697287642,1
583.7795776399834,89.3423730141098,1
614.8078200456227,75.24804051214039,1
616.6912680309907,93.17747746954234,1
616.2690099354431,70.15176001453733,1
618.4870207885417,37.63475219495973,1
673.6653447207966,77.12319770899654,1
674.2155553508637,58.38003179223938,1
611.5322216777283,37.39016914551519,1
673.8330937006818,56.319324773290816,1
654.0925998079018,18.86298202187868,1
673.0880419211586,35.98944631792068,1
632.0099497595309,-12.744416636511005,1
655.8168597486998,24.104657327529708,1
660.9160445646921,55.159426150977424,1
645.982082668316,39.772100543045724,1
650.3495194984059,65.47166682517633,1
623.0252265030982,37.34679013252128,1
651.6909471778903,87.50954256387672,1
604.1121003132353,42.79076392064593,1
689.829155038053,7.840433200742211,1
679.5014603827157,89.58173851479995,1
629.5945864389194,50.72543428874695,1
651.378898934618,46.18643019940964,1
646.808584032236,26.847835618442332,1
650.558267440095,4.873524585817222,1
675.2322456724937,-10.124737343660456,1
636.8260066777719,51.52533485506973,1
641.6844048621681,59.72830475470346,1
660.2999822550368,43.587463945477566,1
632.7716410965282,9.567750281915835,1
663.8879890237372,51.7482257670473,1
636.5253747074058,-0.5218399261301556,1
629.8993711993218,46.17365609150107,1
656.6689449660224,82.81324295252614,1
631.958054015216,76.64179800307858,1
666.1136360911726,50.74878819679344,1
699.5894058186831,120.77402653134698,1
686.1760541840986,76.59438570282049,1
690.7565128722746,98.06504649595263,1
631.8556946575991,84.2500949346001,1
680.7311352914564,100.46407066621731,1
665.1777321348135,138.61626996227682,1
685.4999400388208,105.27205202069689,1
684.6065141685724,132.0104035356204,1
671.1246974982038,125.86465069380847,1
672.7210791176753,142.12720695000365,1
643.8199020027171,156.7261328891281,1
691.4591541373192,133.8898130656786,1
692.0255350904318,213.25242501874192,1
616.1820748816091,166.09856496468643,1
659.0869412214245,152.82616274481109,1
652.3181054623996,173.7163672422028,1
638.6541739577881,171.81536630356612,1
662.8648442160213,209.53110298992198,1
599.2196007115501,189.7649629766167,1
618.410579972192,188.34615360692572,1
706.4138532015022,200.27682074993345,1
692.0195970248634,209.73294836956632,1
627.9905261765784,184.59486130618126,1
583.1168605346452,178.8944758947536,1
589.1018372086613,148.9616441057069,1
591.8613456115015,208.43531100224516,1
579.4913243407356,142.7805258670616,1
569.8125568502669,199.95520830758863,1
603.2666887078187,216.84396029376347,1
576.9668336481967,152.77278770513175,1
573.5387023790902,214.72583934831937,1
559.6466677106024,212.0723466385092,1
528.2690354309401,176.78457143786113,1
534.1583246194234,253.69309630641328,1
495.0498328305726,228.29239198189924,1
493.9267637789537,245.83326064495373,1
515.5681384659301,259.29147291112656,1
495.53543368015113,202.7854087380138,1
452.67508442782525,235.4972225388329,1
538.8215883724379,206.00753969462806,1
530.2188660465044,270.7855581060884,1
435.0096819750772,191.38702387405448,1
475.3105279802392,228.36113402877504,1
490.3029744829418,298.10028933355693,1
508.1801196701149,234.46068089754158,1
486.0470540995567,264.03401166276103,1
519.7826390525687,219.766566209195,1
517.2865245896667,251.24934400790127,1
464.55285443177235,270.40515464240787,1
482.36317504060133,273.2223186794333,1
418.8649780201001,247.72968615823402,1
453.6293571043036,317.04613191791645,1
456.6158303673469,276.63270153536973,1
453.7924744322341,263.6418032182713,1
429.01716240176387,286.32235378566793,1
461.71040826087903,250.26116321966168,1
484.70454494980316,294.4560570965993,1
482.376928376056,231.56997169742164,1
531.533267320301,241.2754775888891,1
458.78015085372624,209.63231160433372,1
493.92957176695273,242.09142386289523,1
523.2755680617445,227.47362927318522,1
447.99079165295785,257.01137052411514,1
511.27971373619596,231.289895580375,1
505.02025402358987,215.56771877930174,1
538.8686675174589,205.3148502189132,1
535.469689538362,205.57709232349873,1
580.4464860945767,225.53214443104116,1
550.6331616151837,199.58863447864786,1
569.683448478385,194.07640846981053,1
535.255901763931,230.42047181122672,1
572.713692060953,209.01079189763146,1
548.6573993253498,228.94334754109462,1
551.4595283490219,171.4784304041325,1
559.5483844038416,249.4171264456656,1
576.7297004615829,259.0889683455443,1
584.4959981149221,270.9466597717319,1
557.3812697518568,259.5088060543032,1
516.0368857269532,264.17392142062306,1
557.1874103377446,309.6377779256727,1
520.1178155554812,245.43293002018888,1
541.4696272152388,320.64308922246823,1
596.9326335391835,293.3694283225484,1
562.8928635379448,290.55812864645225,1
520.6882252470083,337.1600821899512,1
565.6281609786306,272.67500948349266,1
521.1185881923603,313.2654990974396,1
538.0027691536162,253.48927548854888,1
570.4190423145775,324.21667022210727,1
562.8375781762185,345.3519857204211,1
566.3827301049728,319.9986538423986,1
512.7795320676166,345.97248469565477,1
511.6281496189048,330.1885341960234,1
490.1630418717641,293.325455862883,1
483.30065171694866,321.43691547107767,1
546.3188138507414,350.732763769228,1
476.1759190527313,340.42944026043506,1
432.0269821564067,384.7527808275514,1
416.52978838429095,411.0304330199739,1
454.08599087633513,367.91027817211517,1
434.24029158226017,385.61664297370277,1
391.5758425566255,394.55201143897654,1
444.2614715675128,390.44286009862134,1
356.8733264741588,403.9611378058801,1
376.7754059312428,449.94176216239816,1
319.3387423393995,395.11940983036567,1
379.16591242550294,455.2287427337888,1
353.92026807487616,443.7647679835027,1
305.15986355076535,415.5030235141909,1
374.368198532329,406.03810874555074,1
387.09865527606223,441.5807196204653,1
365.05321064391353,434.4735543133967,1
326.1794532241051,447.1071842683108,1
347.83659379173156,458.4250103214639,1
372.16065033113773,401.35198039741744,1
306.4873848933432,437.87593601124087,1
340.1961742818088,468.2927930113521,1
288.47807809919726,421.2601184557337,1
301.31935010306006,447.4176927768299,1
296.17022098494476,514.3073856669148,1
249.17282448311138,492.1341236893219,1
276.41940408066375,419.0613246625038,1
297.7415401136113,510.1324965620766,1
337.90143724757377,487.1712870709325,1
263.9668588232838,462.5466738344429,1
288.458547955881,418.35504834919584,1
285.334867822152,483.4153331575015,1
253.39296276879543,448.5139090974508,1
294.6843505091378,487.66101597911063,1
312.29998153945803,406.9738706218458,1
249.0882497668964,482.42517865432075,1
321.03907379550077,468.5687982253402,1
255.94490846317035,443.34123344857943,1
284.3711207790369,448.8224410064529,1
311.2878392778767,456.5908073460147,1
272.6414311830116,443.87981398929344,1
313.1772713286935,464.99553678601046,1
319.1435130567945,487.53282211816787,1
334.90621188500467,460.6580630814043,1
318.84202821858844,468.47840036230383,1
355.3138976936105,458.87227055861405,1
350.2407128420218,467.2412456135204,1
405.6460784789376,440.2707374596598,1
414.3585364012135,498.0359196719358,1
463.1393203922248,400.5728871773383,1
447.4739298843585,407.53844317249934,1
536.6441901521678,423.9312987046907,1
549.2335292493705,410.9843780558506,1
511.9560698943263,327.997249451311,1
461.4962133679319,389.32891125798494,1
401.20862518371985,381.223827021702,1
400.82205782337405,421.53817674094023,1
421.1180359007438,371.59473353208597,1
375.1964943911597,405.4617007021279,1
426.63271537532194,459.5650132771533,1
383.94673666399245,400.74931725679465,1
392.143373050305,397.480827252601,1
396.9934450760889,359.61949444852087,1
434.5738393768216,376.6598478508088,1
429.4768196762153,333.35194494861537,1
406.2301799304714,398.11977735647986,1
408.4796371976614,326.7468802026636,1
480.89354800665245,349.96898598555873,1
449.4184846078442,361.0183139877909,1
467.89405323966207,292.7036904843985,1
489.27009427057516,385.93645091414584,1
374.78520752503823,379.8317719620697,1
355.81939503829483,370.1312480229235,1
451.00860933858627,328.11759388782275,1
511.08629518968064,303.4325052938234,1
524.9193835760707,303.4868467844189,1
505.91530445347837,238.04742486963835,1
408.8786867484305,381.797183246843,1
465.4408405905209,368.411960191514,1
494.7357432221082,305.9703747259349,1
535.2108100929408,282.7148438482035,1
507.68668921260667,248.93904176596496,1
533.5485048175443,287.0711754529133,1
407.4238737645779,390.31102631886716,1
396.9197334529334,426.7726770682201,1
363.19501562779726,326.6352350819082,1
422.701707657331,312.27267689509034,1
485.76888800709105,279.3124287003516,1
518.4934986933638,265.4182390510511,1
566.1814032118426,242.80862972503235,1
530.8934169369977,230.01100220151204,1
526.6299313980949,212.64309861666936,1
511.22166239824094,287.8437018190552,1
569.6687472890738,248.17421932188518,1
603.1815532257958,242.20115466513613,1
606.9825212787397,214.4554494492579,1
562.5045905712667,175.0607874169179,1
585.403158969852,172.00180636024425,1
602.5083361819667,213.02742270121632,1
622.6555180057837,144.02589169523952,1
574.7539308756875,163.39286577233145,1
584.6473045020854,120.69621581852459,1
624.2990131175237,96.90701620935494,1
607.4228555611254,85.17105642831456,1
641.3735236816507,101.63702096963743,1
569.9974591703528,136.04042350816968,1
568.8173999886997,114.48358154246256,1
588.4665294718424,76.33865639917326,1
592.055972009827,137.22758522992552,1
604.0219288018257,104.56670915827289,1
590.0950471983018,110.3976544319085,1
607.7160347691977,73.48791874292596,1
674.956583910353,93.94865085211728,1
627.5156376162515,99.1471901529971,1
607.088212519121,177.56320909416633,1
597.256879262534,139.37971105216081,1
598.1944838683099,78.32791176615314,1
612.9250405054806,87.29948037938732,1
691.2755792175172,72.30463612518543,1
660.0127475630788,54.79168458676247,1
688.5568199994068,108.87837097678278,1
678.0380340398524,92.3161501387487,1
544.9277481710154,128.5776131932168,1
550.4938936219914,102.53091563701287,1
631.1613698347365,103.75171061585462,1
628.7050971889587,75.92114699196895,1
602.6451149349939,88.60829147762297,1
612.9005546558751,41.77015309346763,1
607.6558378575992,86.5164119041446,1
670.2747675268643,24.45380526797669,1
628.1347101538508,65.93851497599752,1
640.5565981689876,27.74011004301883,1
626.1232576190373,42.98354462349744,1
623.215197647089,98.29823413786164,1
634.6570744862403,61.063357967859474,1
655.203349907014,-1.8546750526894016,1
604.1066045568824,51.26395395958491,1
631.28460939691,-18.516854007776374,1
618.0860022024037,-8.388617230059936,1
657.3562828706579,15.55568666994941,1
618.3202441080144,37.02438076152242,1
621.0091743508343,57.14867094430821,1
559.4965781407335,28.171264641412336,1
629.372553185253,78.82630368205355,1
613.8526261155263,1.7190186002999326,1
622.2015855868311,38.87807094878082,1
667.8713651662089,70.64868058421433,1
633.0483214524811,44.82401849889146,1
635.5707138858651,135.68709985467058,1
694.1675118479914,95.76049763904763,1
656.608094325881,91.7042236589615,1
669.6395439124656,131.35363082604277,1
662.6833822463642,146.34451191937887,1
640.2406755405341,99.42147352754154,1
646.7521839856398,158.26439418395267,1
683.1011372565533,136.58395598292617,1
645.2045102692484,149.85641258842094,1
635.3671868862008,118.66108404029893,1
632.6164616006168,135.25368490347205,1
612.9455969231587,135.87449548679444,1
596.2308449341277,160.20859017458235,1
672.8464169105813,135.9100194674976,1
660.5639109766579,181.78301330175378,1
628.9226557044758,175.82787446173404,1
655.2675818638478,183.77657642612542,1
638.2129709480429,183.50761607732954,1
651.2487582808241,159.15223920452422,1
576.3537230480166,214.22983494266447,1
623.658313667991,176.00397449322622,1
631.7418815604004,218.75554443287302,1
650.6991830065464,200.7880207904343,1
574.8640121334535,197.57033758494634,1
650.3133198538345,208.95083448245475,1
642.8007617102959,208.8189934629105,1
645.4916456278181,215.37993992985997,1
640.8215048176583,201.6532474116495,1
679.9833385148895,237.06295430195638,1
625.2353522006804,217.23946147187678,1
623.2444789726023,242.2684115873305,1
573.8969846447445,274.5604433019064,1
591.0220880860164,249.9984123451707,1
636.5396166223574,235.11629328144772,1
608.5936759956099,211.53130992603855,1
639.0835108194418,203.80296327989151,1
567.8753333321348,247.21820435573915,1
548.4185766828742,244.92632676083193,1
543.7316989375165,303.93674098554095,1
614.0608037336,260.92191686103274,1
516.060441319707,240.8281004213011,1
563.162769698819,310.20070966388624,1
550.8697263978819,268.3359457050332,1
516.3647918854542,224.3651294913924,1
546.0411244094732,279.0849318329922,1
516.1259525961832,306.7696305123236,1
498.49791446999996,285.27177214972323,1
539.8950749033145,283.22482387668543,1
484.08143327945345,321.9659818233865,1
513.2226518997738,335.9336661844328,1
523.3426172228097,307.7656683014412,1
461.9517568012666,287.30948488476815,1
441.78107304814324,326.59824480322544,1
483.6639885728247,260.59743012229274,1
434.63957450073906,302.99670018943164,1
421.7504675766497,303.09815405355334,1
461.6990215157778,316.96912717557194,1
492.1486275208318,360.05044487991125,1
439.6495103825515,367.5593791957883,1
422.2589286586946,324.9742779053113,1
408.1797378274359,365.1773629575364,1
420.79642813696296,297.27311188571196,1
406.5372167251884,355.2081636210243,1
368.8568646652995,361.0548226132904,1
389.356296694859,376.928983385952,1
359.3272282993502,343.75132885231704,1
399.44449642271906,383.63737367670933,1
367.24611567073543,367.1281185511009,1
384.5470662293332,337.59369104147913,1
373.0655121173075,341.5773441240019,1
364.54245748560453,366.9649292292389,1
384.0020091465342,394.68488198974757,1
366.10439482508684,361.1189429634792,1
336.8735996660477,398.03527499204836,1
317.4928288427187,394.89141368788023,1
373.8478027212457,395.4826166577318,1
353.8191168228739,410.6208480551967,1
337.18959309883627,410.1465161306053,1
321.46801608657745,407.2123130340201,1
334.486040761626,421.7621226988719,1
345.4423389104999,470.39815707934207,1
330.92056370409097,438.0788233862957,1
318.26111815987844,449.69756818037604,1
344.04254220649125,424.5981843691603,1
324.9893843780471,374.48582401236445,1
289.3817377178393,446.6323100163635,1
332.60207841388706,493.3247263697504,1
273.8114686748291,422.8400849099843,1
303.6275931257437,470.68608062008394,1
275.97312124140507,442.81347518383757,1
265.83053146634825,482.78011870745473,1
313.3477248054494,461.29058020745106,1
245.9280171770438,454.5187088300313,1
311.7117123819951,423.66831248498016,1
291.5227816897501,431.769013388947,1
285.18437525227876,480.25623233120825,1
301.3246368929366,474.8839442182278,1
273.48534999581886,502.2903058057028,1
315.0388864051394,472.3220160107435,1
288.1309158990908,487.3116007477653,1
291.61072320823905,494.1584156754769,1
245.29999377181295,493.0834934491389,1
302.7895842575559,457.88995870245947,1
251.6860429557854,424.71906918831513,1
289.08796378057264,402.3301692415248,1
308.2757016695492,444.63015761051014,1
379.9113583652084,449.0626297640504,1
362.4027596425581,437.211118952523,1
381.9150056264958,419.17674676500417,1
373.00621697067055,385.0409886423077,1
362.45275870407085,421.4874773910217,1
332.9149966750603,374.7597691473887,1
396.57663736731655,394.3130602700678,1
426.33849147294563,323.6663627033,1
401.42549733218794,342.87737891264715,1
466.1643406760071,389.4854381152233,1
443.7072729884781,328.64711963792513,1
463.1803589025163,351.767482347483,1
418.81094906660223,363.77612542762654,1
412.13521190122935,335.87091785050745,1
466.35247630503585,355.1488823479352,1
445.64706166159215,277.521168467682,1
446.5811764247563,340.71329341438974,1
421.52101518689346,291.3941207945143,1
393.49358935449936,329.71940370991524,1
402.2806064223416,282.32469945730065,1
468.72568342649896,244.18246568734443,1
425.07138725631205,293.4070714873498,1
417.0084753180452,247.5359230210438,1
396.7215223117133,275.3646103151982,1
426.40991943860166,242.41666035328177,1
454.44882891721574,252.78320543773654,1
482.36302986403234,234.2939575982856,1
503.6447391980839,232.41480874765432,1
503.6192558320321,241.5337594098122,1
515.2271220284455,190.48594265227638,1
481.70500521764626,196.87649149667885,1
493.7953663772772,180.07734643196306,1
564.0354322919687,184.1994610090461,1
489.92429523594194,191.77000807754018,1
485.5985972547242,201.6908241387091,1
519.5214871615798,148.507940773366,1
577.532756313103,202.70472010518824,1
564.5541441746467,103.27590351957252,1
588.2088856262199,116.5584262794959,1
568.9763992586338,105.1236104310857,1
583.099721419374,109.70418487117024,1
553.0484403937676,138.89250445694495,1
620.685753727933,121.82837092993941,1
618.0707919572488,67.81790636023595,1
613.1224867672781,62.93801723877971,1
587.4849307441351,49.44741527672528,1
660.7372501102302,40.56270174027094,1
621.599208597116,21.509810699170828,1
642.5043957409741,41.19131426523461,1
615.7224538019758,0.5217203707292697,1
681.3401616224845,13.643355914600704,1
643.442058056287,14.18046242232208,1
645.6146889980357,11.64505517200979,1
636.493596875657,25.101026260257584,1
652.7190559048408,41.68748656211409,1
633.3859615658266,31.861016281163472,1
631.0055025093194,-2.8007868432977716,1
641.4769100581225,4.95309992598925,1
647.8319817430595,34.03331188632228,1
611.9066698598394,10.867087685031606,1
638.0683526977243,8.41027802037354,1
596.3393728232622,65.17454899208207,1
593.9806472425773,65.44420584308011,1
650.0383200456661,79.7805227733603,1
552.3836756968325,42.800774945100954,1
522.0376155921451,93.70688091537716,1
518.942593026233,109.27494310097796,1
515.9618149108488,139.23514650259773,1
515.7659085376276,176.99368261020226,1
545.4711996149293,97.14315193894862,1
536.756257967675,170.58000000702503,1
513.2992627674272,161.99775902979934,1
469.6741170625154,217.0614068463205,1
514.3652495839111,144.94176308376024,1
484.1957694169475,203.95016214757464,1
533.0082344744634,221.76092442948033,1
470.8613567686773,233.718377146251,1
457.2951446594645,237.62159901834474,1
472.46507010302173,215.89105242277208,1
496.20450492407156,196.14796374417608,1
451.3584856381377,237.56984969024006,1
452.5713426105517,213.871301804761,1
487.8475234143548,225.34008940431488,1
430.0262483340202,200.0400516286207,1
444.85958753219217,251.34272567527336,1
377.4091298834833,236.5566525455191,1
426.7055043410184,267.61437954380557,1
411.3997803963081,240.4838895802704,1
464.0825724563114,240.60373353575596,1
364.73651665899206,282.5680071502391,1
463.2893330040685,217.0162443629132,1
425.46251955390403,274.57559985839225,1
427.60930561102754,306.8189963262237,1
354.0185166260794,290.3227157571614,1
385.0070459513084,291.438116357534,1
355.0355217673347,347.2859434298957,1
392.95767064462234,334.5977471671966,1
352.8705530626188,333.2759911003535,1
359.9094164457239,346.4243970734579,1
308.1484662759606,365.8556331165121,1
297.1804724769251,348.37097026527135,1
322.0274619400665,388.85010767503945,1
341.3998490578554,355.7098436048202,1
361.7650466363567,380.4144213507069,1
339.4002327763728,425.5254882421082,1
317.713572073639,396.27122188382225,1
320.75607587522893,389.374698115976,1
290.3186853200589,415.71619539974347,1
311.8507347253624,384.699591370017,1
306.8415399263595,418.75462535425345,1
293.84242320240656,425.1284070026316,1
279.4454881789404,425.95340022259217,1
278.81795030566656,448.790102490471,1
255.878020553647,412.1929267219904,1
236.08526124891225,445.03277289186224,1
239.47868672008158,473.49508319308853,1
286.0080058456598,396.58316553766963,1
272.12838456785295,452.9929443862442,1
224.57220847516214,444.25301888774464,1
247.32561551707698,456.7988147352472,1
260.30132149009887,422.03502279119584,1
273.9901042736066,479.05641273538697,1
269.55817592252765,455.22522009478064,1
270.21426800307717,471.6089137486879,1
313.74117561117873,374.0790381114371,1
328.11100518726295,432.65601920276913,1
356.33136332469843,417.34834071714596,1
360.9408004167877,373.96606952520654,1
356.953521319019,425.6905321427826,1
360.13993097362976,324.3549242562607,1
386.5689530076458,380.2684097843222,1
389.2779156982601,323.4111664361202,1
404.83518737619966,354.72921279583215,1
392.8594404222233,310.8741536190372,1
410.3566860290431,374.68978238181285,1
415.1527892672268,329.2716770397352,1
419.13067392670416,325.90402415202595,1
422.53018923401197,310.7557160824776,1
457.2373790772304,336.55076085721083,1
427.0729498299953,326.00447671321535,1
465.3335930600002,324.78051028372215,1
476.9593360782689,259.79384584588837,1
431.4479256916469,293.2342157082349,1
435.56023552695217,309.97218495522486,1
